-- MariaDB dump 10.17  Distrib 10.4.15-MariaDB, for Linux (x86_64)
--
-- Host: mysql.hostinger.ro    Database: u574849695_22
-- ------------------------------------------------------
-- Server version	10.4.15-MariaDB-cll-lve

/*!40101 SET @OLD_CHARACTER_SET_CLIENT=@@CHARACTER_SET_CLIENT */;
/*!40101 SET @OLD_CHARACTER_SET_RESULTS=@@CHARACTER_SET_RESULTS */;
/*!40101 SET @OLD_COLLATION_CONNECTION=@@COLLATION_CONNECTION */;
/*!40101 SET NAMES utf8mb4 */;
/*!40103 SET @OLD_TIME_ZONE=@@TIME_ZONE */;
/*!40103 SET TIME_ZONE='+00:00' */;
/*!40014 SET @OLD_UNIQUE_CHECKS=@@UNIQUE_CHECKS, UNIQUE_CHECKS=0 */;
/*!40014 SET @OLD_FOREIGN_KEY_CHECKS=@@FOREIGN_KEY_CHECKS, FOREIGN_KEY_CHECKS=0 */;
/*!40101 SET @OLD_SQL_MODE=@@SQL_MODE, SQL_MODE='NO_AUTO_VALUE_ON_ZERO' */;
/*!40111 SET @OLD_SQL_NOTES=@@SQL_NOTES, SQL_NOTES=0 */;

--
-- Table structure for table `communities`
--

DROP TABLE IF EXISTS `communities`;
/*!40101 SET @saved_cs_client     = @@character_set_client */;
/*!40101 SET character_set_client = utf8 */;
CREATE TABLE `communities` (
  `id` bigint(20) unsigned NOT NULL AUTO_INCREMENT,
  `name` varchar(150) COLLATE utf8mb4_unicode_ci DEFAULT NULL,
  `admin_user_id` bigint(20) unsigned NOT NULL,
  UNIQUE KEY `id` (`id`),
  KEY `communities_name_idx` (`name`),
  KEY `admin_user_id` (`admin_user_id`),
  CONSTRAINT `communities_ibfk_1` FOREIGN KEY (`admin_user_id`) REFERENCES `users` (`id`)
) ENGINE=InnoDB AUTO_INCREMENT=101 DEFAULT CHARSET=utf8mb4 COLLATE=utf8mb4_unicode_ci;
/*!40101 SET character_set_client = @saved_cs_client */;

--
-- Dumping data for table `communities`
--

LOCK TABLES `communities` WRITE;
/*!40000 ALTER TABLE `communities` DISABLE KEYS */;
INSERT INTO `communities` VALUES (1,'aut',1),(2,'sed',2),(3,'qui',3),(4,'maiores',4),(5,'fugiat',5),(6,'dignissimos',6),(7,'doloribus',7),(8,'deserunt',8),(9,'id',9),(10,'inventore',10),(11,'numquam',11),(12,'sed',12),(13,'eius',13),(14,'ea',14),(15,'quibusdam',15),(16,'occaecati',16),(17,'aut',17),(18,'error',18),(19,'repudiandae',19),(20,'rerum',20),(21,'voluptas',21),(22,'id',22),(23,'voluptates',23),(24,'voluptatum',24),(25,'quasi',25),(26,'quisquam',26),(27,'mollitia',27),(28,'culpa',28),(29,'ullam',29),(30,'tempora',30),(31,'minus',31),(32,'qui',32),(33,'non',33),(34,'sequi',34),(35,'non',35),(36,'autem',36),(37,'aut',37),(38,'rerum',38),(39,'at',39),(40,'repudiandae',40),(41,'debitis',41),(42,'adipisci',42),(43,'quisquam',43),(44,'aut',44),(45,'blanditiis',45),(46,'debitis',46),(47,'quis',47),(48,'et',48),(49,'dolor',49),(50,'eius',50),(51,'cum',51),(52,'non',52),(53,'magnam',53),(54,'minus',54),(55,'possimus',55),(56,'et',56),(57,'non',57),(58,'possimus',58),(59,'reiciendis',59),(60,'aspernatur',60),(61,'reiciendis',61),(62,'fuga',62),(63,'quos',63),(64,'sed',64),(65,'explicabo',65),(66,'at',66),(67,'consequatur',67),(68,'nulla',68),(69,'maiores',69),(70,'est',70),(71,'neque',71),(72,'maxime',72),(73,'nobis',73),(74,'nisi',74),(75,'iure',75),(76,'quos',76),(77,'dolores',77),(78,'ut',78),(79,'rerum',79),(80,'exercitationem',80),(81,'excepturi',81),(82,'quidem',82),(83,'possimus',83),(84,'ut',84),(85,'eligendi',85),(86,'ad',86),(87,'id',87),(88,'deleniti',88),(89,'consequatur',89),(90,'expedita',90),(91,'dicta',91),(92,'recusandae',92),(93,'in',93),(94,'asperiores',94),(95,'quaerat',95),(96,'veritatis',96),(97,'doloribus',97),(98,'sequi',98),(99,'rerum',99),(100,'explicabo',100);
/*!40000 ALTER TABLE `communities` ENABLE KEYS */;
UNLOCK TABLES;

--
-- Table structure for table `friend_requests`
--

DROP TABLE IF EXISTS `friend_requests`;
/*!40101 SET @saved_cs_client     = @@character_set_client */;
/*!40101 SET character_set_client = utf8 */;
CREATE TABLE `friend_requests` (
  `initiator_user_id` bigint(20) unsigned NOT NULL,
  `target_user_id` bigint(20) unsigned NOT NULL,
  `status` enum('requested','approved','declined','unfriended') COLLATE utf8mb4_unicode_ci DEFAULT NULL,
  `requested_at` datetime DEFAULT current_timestamp(),
  `updated_at` datetime DEFAULT NULL ON UPDATE current_timestamp(),
  PRIMARY KEY (`initiator_user_id`,`target_user_id`),
  KEY `target_user_id` (`target_user_id`),
  CONSTRAINT `friend_requests_ibfk_1` FOREIGN KEY (`initiator_user_id`) REFERENCES `users` (`id`),
  CONSTRAINT `friend_requests_ibfk_2` FOREIGN KEY (`target_user_id`) REFERENCES `users` (`id`),
  CONSTRAINT `CONSTRAINT_1` CHECK (`initiator_user_id` <> `target_user_id`)
) ENGINE=InnoDB DEFAULT CHARSET=utf8mb4 COLLATE=utf8mb4_unicode_ci;
/*!40101 SET character_set_client = @saved_cs_client */;

--
-- Dumping data for table `friend_requests`
--

LOCK TABLES `friend_requests` WRITE;
/*!40000 ALTER TABLE `friend_requests` DISABLE KEYS */;
/*!40000 ALTER TABLE `friend_requests` ENABLE KEYS */;
UNLOCK TABLES;

--
-- Table structure for table `likes`
--

DROP TABLE IF EXISTS `likes`;
/*!40101 SET @saved_cs_client     = @@character_set_client */;
/*!40101 SET character_set_client = utf8 */;
CREATE TABLE `likes` (
  `id` bigint(20) unsigned NOT NULL AUTO_INCREMENT,
  `user_id` bigint(20) unsigned NOT NULL,
  `media_id` bigint(20) unsigned NOT NULL,
  `created_at` datetime DEFAULT current_timestamp(),
  UNIQUE KEY `id` (`id`)
) ENGINE=InnoDB AUTO_INCREMENT=101 DEFAULT CHARSET=utf8mb4 COLLATE=utf8mb4_unicode_ci;
/*!40101 SET character_set_client = @saved_cs_client */;

--
-- Dumping data for table `likes`
--

LOCK TABLES `likes` WRITE;
/*!40000 ALTER TABLE `likes` DISABLE KEYS */;
INSERT INTO `likes` VALUES (1,1,1,'1983-09-04 13:40:12'),(2,2,2,'1982-04-03 01:13:38'),(3,3,3,'2019-07-19 01:23:09'),(4,4,4,'1977-02-23 18:32:32'),(5,5,5,'1989-01-26 07:46:20'),(6,6,6,'1995-02-19 21:38:51'),(7,7,7,'1974-01-23 18:10:16'),(8,8,8,'2020-01-09 09:36:14'),(9,9,9,'2018-01-10 01:50:25'),(10,10,10,'2004-10-10 17:18:22'),(11,11,11,'2001-02-23 03:35:51'),(12,12,12,'2017-02-27 09:39:36'),(13,13,13,'1991-01-19 15:48:05'),(14,14,14,'1981-04-12 10:54:10'),(15,15,15,'1974-02-26 19:44:32'),(16,16,16,'1975-08-28 09:31:04'),(17,17,17,'1986-01-19 00:57:06'),(18,18,18,'1997-04-30 18:49:17'),(19,19,19,'1988-09-08 12:40:26'),(20,20,20,'2018-04-08 16:08:54'),(21,21,21,'1988-07-15 06:46:42'),(22,22,22,'1987-03-31 07:04:59'),(23,23,23,'1989-01-03 02:38:16'),(24,24,24,'2019-10-11 13:42:16'),(25,25,25,'1981-08-30 03:37:26'),(26,26,26,'1995-02-16 00:54:26'),(27,27,27,'1991-06-12 16:33:01'),(28,28,28,'2009-11-30 07:50:58'),(29,29,29,'2012-02-21 14:04:31'),(30,30,30,'1986-10-20 14:27:59'),(31,31,31,'1997-10-25 14:19:14'),(32,32,32,'1999-12-22 21:02:43'),(33,33,33,'1985-11-12 05:13:33'),(34,34,34,'1999-04-13 12:34:31'),(35,35,35,'2018-03-30 05:10:32'),(36,36,36,'1978-08-14 22:25:34'),(37,37,37,'2017-12-06 21:28:03'),(38,38,38,'1986-07-17 05:50:12'),(39,39,39,'2005-09-20 23:01:04'),(40,40,40,'2016-01-17 04:47:04'),(41,41,41,'1983-08-25 19:33:28'),(42,42,42,'2012-11-01 23:13:20'),(43,43,43,'1979-09-30 22:06:03'),(44,44,44,'1979-06-10 06:24:29'),(45,45,45,'1991-04-17 19:02:13'),(46,46,46,'2021-02-20 13:54:48'),(47,47,47,'1978-02-02 15:16:12'),(48,48,48,'1970-07-24 01:17:03'),(49,49,49,'1995-05-02 21:38:33'),(50,50,50,'1980-09-23 20:13:12'),(51,51,51,'1974-10-25 22:36:36'),(52,52,52,'2001-08-24 21:14:49'),(53,53,53,'2001-03-14 07:30:47'),(54,54,54,'1972-07-08 15:24:50'),(55,55,55,'2020-01-28 17:15:45'),(56,56,56,'2017-05-09 22:47:59'),(57,57,57,'1981-11-10 06:46:08'),(58,58,58,'1986-09-08 00:27:22'),(59,59,59,'2010-01-19 09:26:03'),(60,60,60,'1998-08-21 00:52:56'),(61,61,61,'1991-08-29 19:33:58'),(62,62,62,'1981-01-14 00:32:32'),(63,63,63,'1981-05-17 07:40:54'),(64,64,64,'2008-07-18 11:56:03'),(65,65,65,'1992-03-09 21:20:52'),(66,66,66,'2012-01-13 18:37:25'),(67,67,67,'2020-12-04 20:01:47'),(68,68,68,'1997-06-27 18:59:15'),(69,69,69,'1998-06-06 14:52:04'),(70,70,70,'1992-08-18 02:18:03'),(71,71,71,'1972-06-11 03:41:10'),(72,72,72,'1977-06-26 09:46:05'),(73,73,73,'1986-03-30 11:33:59'),(74,74,74,'1971-02-02 12:19:16'),(75,75,75,'1996-09-12 23:58:11'),(76,76,76,'2007-01-25 08:37:42'),(77,77,77,'1992-07-16 06:37:16'),(78,78,78,'1974-03-17 05:06:43'),(79,79,79,'2013-10-07 15:39:14'),(80,80,80,'1975-10-06 23:56:20'),(81,81,81,'1999-02-27 17:36:19'),(82,82,82,'1997-05-06 12:38:42'),(83,83,83,'1987-08-22 04:28:23'),(84,84,84,'1981-11-21 21:40:41'),(85,85,85,'1980-04-02 00:49:07'),(86,86,86,'1972-01-18 03:48:34'),(87,87,87,'2002-08-08 22:05:43'),(88,88,88,'1995-02-07 02:34:43'),(89,89,89,'1985-08-14 00:11:15'),(90,90,90,'2012-12-30 14:26:14'),(91,91,91,'2001-11-18 04:49:55'),(92,92,92,'1973-03-03 19:09:12'),(93,93,93,'1988-12-16 05:55:27'),(94,94,94,'1994-11-24 01:45:26'),(95,95,95,'1974-07-11 14:50:22'),(96,96,96,'2010-04-20 22:21:21'),(97,97,97,'2008-12-16 06:51:54'),(98,98,98,'1984-02-18 21:26:56'),(99,99,99,'2016-12-14 21:16:00'),(100,100,100,'2015-11-19 05:21:07');
/*!40000 ALTER TABLE `likes` ENABLE KEYS */;
UNLOCK TABLES;

--
-- Table structure for table `media`
--

DROP TABLE IF EXISTS `media`;
/*!40101 SET @saved_cs_client     = @@character_set_client */;
/*!40101 SET character_set_client = utf8 */;
CREATE TABLE `media` (
  `id` bigint(20) unsigned NOT NULL AUTO_INCREMENT,
  `media_type_id` bigint(20) unsigned NOT NULL,
  `user_id` bigint(20) unsigned NOT NULL,
  `body` text COLLATE utf8mb4_unicode_ci DEFAULT NULL,
  `filename` varchar(255) COLLATE utf8mb4_unicode_ci DEFAULT NULL,
  `size` int(11) DEFAULT NULL,
  `metadata` longtext CHARACTER SET utf8mb4 COLLATE utf8mb4_bin DEFAULT NULL CHECK (json_valid(`metadata`)),
  `created_at` datetime DEFAULT current_timestamp(),
  `updated_at` datetime DEFAULT NULL ON UPDATE current_timestamp(),
  UNIQUE KEY `id` (`id`),
  KEY `user_id` (`user_id`),
  KEY `media_type_id` (`media_type_id`),
  CONSTRAINT `media_ibfk_1` FOREIGN KEY (`user_id`) REFERENCES `users` (`id`),
  CONSTRAINT `media_ibfk_2` FOREIGN KEY (`media_type_id`) REFERENCES `media_types` (`id`)
) ENGINE=InnoDB AUTO_INCREMENT=101 DEFAULT CHARSET=utf8mb4 COLLATE=utf8mb4_unicode_ci;
/*!40101 SET character_set_client = @saved_cs_client */;

--
-- Dumping data for table `media`
--

LOCK TABLES `media` WRITE;
/*!40000 ALTER TABLE `media` DISABLE KEYS */;
INSERT INTO `media` VALUES (1,1,1,'Laudantium quas amet eveniet voluptatum aliquid laborum. Libero ab nostrum soluta id dignissimos voluptatem sit aperiam. Error earum in perspiciatis soluta aut et ad.','culpa',49314570,NULL,'1974-06-07 10:30:45','1987-07-23 00:08:27'),(2,2,2,'Dolores enim exercitationem molestiae. Laborum sint sit et eos voluptatem. Ullam delectus fuga et quia. Minima aut id aspernatur tempora inventore aliquam ut non.','ducimus',7872554,NULL,'2016-03-30 03:40:50','1991-03-25 16:06:30'),(3,3,3,'Neque magni quibusdam sit repellendus est ex voluptas dolor. Ab similique deserunt inventore. Ab consequatur excepturi ipsa voluptas ut et voluptatem. Et officiis sequi dolorum consequatur tempora quos.','qui',59479,NULL,'2001-03-15 20:23:06','2004-06-26 08:07:56'),(4,4,4,'Illo at architecto qui enim. Tempore saepe ratione molestiae a est. Vitae laborum dolor voluptate. Aut qui blanditiis ratione incidunt.','in',659,NULL,'2015-04-17 16:58:54','2011-11-27 11:16:40'),(5,5,5,'Illum nemo iste non ut. Dolore aut possimus modi sit. Amet fugiat ea voluptatibus fugit dolor. Non quia sed molestiae.','ipsa',5834570,NULL,'1998-11-16 15:52:58','2017-03-01 08:50:12'),(6,6,6,'Quidem inventore aspernatur aut dolorem aut aut. Odit ut sunt enim pariatur eaque quia ex. Et cumque quidem sit et iste.','totam',0,NULL,'1973-03-07 03:22:47','1978-09-19 13:33:08'),(7,7,7,'Minima quo sed odit fugiat harum. Dolorum repudiandae nihil error aperiam et iure. Tempore itaque ullam eos quam ut sed.','dicta',10,NULL,'1975-09-09 08:02:45','1980-12-06 17:14:05'),(8,8,8,'Maiores qui ratione necessitatibus natus vero. Id sed error et ea consequatur officia magnam. Sunt fuga amet rerum assumenda ut. Voluptatem sit consequuntur non dolores est provident.','sunt',864337,NULL,'1992-09-04 04:10:10','2019-04-22 02:02:16'),(9,9,9,'Soluta quod aliquid amet voluptatem quasi molestiae tempora. Sunt sed in voluptatem possimus. Corporis rerum iusto ipsum officiis.','fuga',0,NULL,'1992-06-23 19:54:47','1987-06-19 15:12:59'),(10,10,10,'Molestiae est maiores cum enim eum ipsa ipsum iure. Adipisci et in quo modi. Numquam iusto repellat et voluptatibus. Repellendus eius beatae atque impedit quasi.','quis',10430830,NULL,'1995-05-08 21:54:23','1981-11-29 21:15:26'),(11,11,11,'Voluptatem laudantium qui voluptatem asperiores porro. Odio aliquam quod dolorem laborum est iste. Nam doloremque voluptas in beatae ad aut.','vel',7561,NULL,'1991-02-24 01:34:49','1976-06-24 17:14:47'),(12,12,12,'Error ex molestias minima voluptate ut quisquam dolore. Quia dignissimos saepe assumenda labore iusto. Non ut voluptas ea. Magnam aut nam et et et.','dolorum',0,NULL,'1988-05-06 21:48:54','1991-09-01 17:39:19'),(13,13,13,'Voluptas nam ullam quo architecto sequi vel ratione qui. Sed odit voluptatibus iure ut. Quasi distinctio praesentium inventore et hic aut. Est cum vero velit vitae. Sunt quia nulla qui exercitationem nostrum reprehenderit et beatae.','harum',35,NULL,'2006-02-09 09:17:37','1981-12-09 06:01:44'),(14,14,14,'Sint eligendi dolores optio placeat praesentium qui. Porro molestiae sunt quia vero quod. Unde suscipit quae animi voluptas. Omnis officia aut sint.','nisi',164659362,NULL,'1978-10-11 19:21:50','1975-02-03 08:40:31'),(15,15,15,'Ea odit molestiae consequatur itaque omnis accusantium ullam necessitatibus. Quos et magni ullam eum vel neque.','sint',848793,NULL,'1975-11-08 17:15:40','2003-08-14 15:28:21'),(16,16,16,'Pariatur sunt quibusdam hic molestiae fugit rerum eum. Non officiis facere provident neque non rerum quaerat. Adipisci architecto culpa ipsam optio. Assumenda aut est ipsum deleniti.','voluptas',0,NULL,'2000-10-09 07:15:04','2013-07-30 02:00:39'),(17,17,17,'Possimus deleniti consequatur ipsam et rem earum est. Laborum molestiae nemo aspernatur ducimus. Ea dolore ipsa harum iure eos fuga. Quia non quis soluta expedita ut in. Non numquam ut nobis numquam sunt consequuntur.','reiciendis',4,NULL,'1995-11-29 08:41:03','1979-03-04 22:35:24'),(18,18,18,'Eum laudantium molestiae est quibusdam corporis. Harum quas odio ex voluptatem eius id. Laboriosam nostrum est sed beatae. Omnis ex repellendus dolores et molestiae et. Et adipisci eius vel ea aliquam atque ratione.','quis',2,NULL,'1998-01-22 19:06:26','2003-11-17 02:14:12'),(19,19,19,'Nisi hic et laudantium sed nesciunt dignissimos tenetur similique. Eos sapiente deserunt sit. Autem est impedit nisi delectus rem. Voluptatem quia eum temporibus reprehenderit.','inventore',6872073,NULL,'1988-01-26 14:21:12','2016-04-21 00:15:55'),(20,20,20,'In in ab aspernatur itaque id et. Aut rerum est rem ullam consectetur et. Repellendus officia error esse blanditiis enim. Eius soluta ut eligendi est qui sit.','nihil',964,NULL,'1983-12-22 19:16:37','1973-09-01 23:46:49'),(21,21,21,'Adipisci molestiae vitae recusandae nostrum quas eius. Repellat animi voluptatum ea est enim quaerat et sunt. Saepe quo architecto in.','sed',121168,NULL,'1999-09-17 00:58:10','2019-01-31 23:54:15'),(22,22,22,'Et omnis id qui similique quia autem. Qui aut totam sit ea sed est inventore qui. Quia est laboriosam consequatur molestiae enim. Et eius asperiores laudantium et qui eius veniam dolores. Quam sunt incidunt ut id hic.','omnis',30,NULL,'2020-04-12 09:32:08','1980-10-11 08:59:08'),(23,23,23,'Saepe molestiae unde rerum ut minima ducimus eius neque. Esse non et suscipit sunt iste. Perspiciatis tempora quas iste suscipit.','sit',542295146,NULL,'2007-12-14 00:25:09','1997-12-09 18:41:26'),(24,24,24,'Nemo quod ipsa possimus consequuntur ratione. Hic perferendis porro ratione. Natus omnis et delectus est modi in sint. Distinctio quos nisi enim quia.','incidunt',758044733,NULL,'1975-06-14 03:00:19','1977-03-09 12:23:38'),(25,25,25,'Natus sit rerum at sunt dolorem. Corrupti ea porro doloremque et. Excepturi debitis rerum odit ea id officiis molestias rerum. Praesentium illum nulla aut in consectetur dignissimos.','sed',94,NULL,'1985-11-20 08:11:05','1979-06-28 18:24:48'),(26,26,26,'Quibusdam omnis facilis molestias. Voluptatibus et libero facilis doloremque et eveniet. Omnis aut ut quae et labore quaerat in quaerat. Blanditiis ullam quis est sit error.','non',416,NULL,'1995-03-22 05:44:29','1978-03-03 02:13:55'),(27,27,27,'Voluptatem sunt laudantium asperiores voluptatem placeat earum id. A qui et at perferendis. Eaque reiciendis omnis consequuntur hic.','sequi',113247,NULL,'1996-04-01 03:19:44','1984-01-11 20:31:00'),(28,28,28,'Itaque beatae atque reiciendis id. Sint harum alias eum non ab. Eaque a et consequatur. Non expedita vitae tenetur.','molestiae',783533,NULL,'1992-03-09 18:31:56','1985-12-08 08:49:55'),(29,29,29,'Consectetur tempore aut quis non unde odit iste. Quisquam libero modi debitis vero libero. Et temporibus est exercitationem necessitatibus.','harum',9107865,NULL,'1972-02-19 09:37:00','1987-09-13 13:20:10'),(30,30,30,'Unde repellendus et nesciunt et qui. Iure non ipsam id cumque aperiam quam accusamus laborum. Architecto qui ducimus ea culpa praesentium quo. Dignissimos iusto fugiat voluptas amet.','laudantium',907021756,NULL,'1997-07-15 14:11:51','1972-01-13 21:16:36'),(31,31,31,'Cum consequatur voluptate soluta ipsam consequatur ex. Ut dolore repellendus incidunt sint ratione illo ab. Voluptas quae est quaerat explicabo harum nulla autem labore. Laborum debitis similique nam.','eum',930,NULL,'1983-01-28 16:13:36','1972-04-03 18:31:06'),(32,32,32,'Quo iste dolorem iste eveniet eum ex. Fuga inventore esse animi temporibus veritatis dolorem qui. Voluptate culpa sit omnis voluptatum amet ullam nesciunt nihil. Ut dolor fuga fugiat et quaerat.','qui',3,NULL,'1992-09-25 06:18:50','1979-06-30 20:15:00'),(33,33,33,'Odio natus vero soluta vel illo. Ea mollitia sed fugit assumenda voluptatem.','qui',198563314,NULL,'2002-09-26 02:49:44','1981-06-19 13:19:55'),(34,34,34,'Inventore hic ipsum dolor. Quisquam recusandae repellat vel ea qui. Odio laudantium esse non repellendus.','omnis',45756,NULL,'2010-11-07 16:07:19','2011-09-10 04:57:13'),(35,35,35,'Mollitia vero quia cum aut laborum autem delectus dolorum. Maiores tenetur non et aspernatur sint dolorem sequi quos. Veniam dolores similique sunt incidunt.','ut',1,NULL,'2002-03-28 13:40:02','1974-03-31 08:35:39'),(36,36,36,'Aut qui ut explicabo explicabo sed. Et placeat laboriosam et quasi aspernatur sit facere. Aut aut accusantium voluptates aliquam. Culpa maxime maiores iure.','eum',2609,NULL,'1981-02-28 02:46:38','2001-08-24 15:36:15'),(37,37,37,'Aut est iure soluta nisi. Quas dolor ipsa commodi omnis nihil sunt quis a. Harum sed et explicabo velit. Dolor dolorem et ex libero corrupti.','dolor',6919,NULL,'1978-09-11 21:00:32','1998-08-20 00:48:08'),(38,38,38,'Voluptates ad quia officia. Quia tenetur quod voluptatem voluptas architecto. Magni voluptas est error rerum.','est',864932,NULL,'2006-01-31 07:10:11','1971-05-30 13:46:47'),(39,39,39,'Ut explicabo ex inventore. Voluptates in aperiam et quia. A aspernatur est recusandae ut illo.','pariatur',81,NULL,'2013-05-15 04:25:01','1985-12-21 01:31:54'),(40,40,40,'Laudantium ea temporibus aspernatur neque id ut. Ex similique consequatur cum sit soluta.','quo',8,NULL,'1983-08-05 01:20:43','1974-12-17 20:16:13'),(41,41,41,'Maxime non occaecati sunt harum architecto. Ex quo consequatur id veritatis quam. Odit et mollitia iure qui nam. Adipisci nulla dolorum ut hic fuga neque et.','a',3872117,NULL,'2012-12-12 01:59:26','2015-05-15 13:30:20'),(42,42,42,'Sed magni omnis molestias soluta. Reprehenderit sapiente ducimus aut voluptas sit est. Voluptate est amet laboriosam facere.','minus',0,NULL,'1998-11-06 02:04:24','1971-11-30 10:29:11'),(43,43,43,'Velit ut non eum cum mollitia ea enim eius. Consequatur occaecati inventore animi. Molestias ex cupiditate exercitationem quibusdam aut saepe voluptatem. Doloremque dolore id autem voluptas dolor maxime exercitationem.','dolorem',95,NULL,'1994-10-30 21:41:29','2020-07-12 05:44:31'),(44,44,44,'Qui at in dolores nobis quo exercitationem. Voluptas dolor qui eveniet dolor mollitia. Sed eius repellendus occaecati optio quo ex. Ut sapiente pariatur ad architecto sapiente. Et et ipsa velit officia.','facilis',845214659,NULL,'2011-11-28 07:07:52','2015-07-07 22:59:19'),(45,45,45,'Quia fugiat quisquam aut quo cum provident culpa qui. Id et ducimus cupiditate vitae aut. Dolores ea iure minus.','aliquam',957,NULL,'1973-10-03 02:43:49','1973-02-01 20:08:34'),(46,46,46,'Et omnis repellendus optio modi dolorem recusandae eligendi. Esse rem maxime molestiae excepturi sint. Natus rerum possimus sit non expedita et nisi. Autem ut nemo numquam ut.','aliquam',5,NULL,'2009-11-03 21:42:27','2018-09-01 20:43:14'),(47,47,47,'Quos non omnis vero harum deleniti placeat. Quo facilis facere illo occaecati sit.','qui',84573030,NULL,'2008-09-14 18:19:31','2015-11-16 08:18:18'),(48,48,48,'Qui in labore nostrum tenetur officiis. Voluptatem molestias rerum ad. Facere ea molestiae quasi. Iusto id magni quas animi voluptas voluptate sint.','quidem',35805780,NULL,'2004-04-23 16:46:34','2009-03-13 21:09:17'),(49,49,49,'Consequuntur eveniet aspernatur et itaque officiis et dolores. Sunt sed aut deserunt consequatur deserunt dolores impedit sunt. Ea nisi reprehenderit quo suscipit consequuntur est aliquid possimus. Officiis sed perferendis omnis deleniti impedit.','qui',0,NULL,'2016-10-14 07:05:54','2008-11-21 17:22:01'),(50,50,50,'Aut porro quis est. Molestiae quidem voluptatem necessitatibus eos sint quia. Ratione odit est rem cum sed sed. Mollitia ut aperiam facilis deleniti et neque.','sed',916663,NULL,'2009-01-24 10:22:46','1984-10-17 15:30:26'),(51,51,51,'Maiores facilis quis modi nulla perspiciatis. Et soluta eum et sed architecto.','esse',370266,NULL,'1980-01-20 14:11:51','2019-12-10 02:05:28'),(52,52,52,'Et sequi quo vel aperiam maxime quis natus. Doloribus velit quis commodi laborum sint molestiae. Consequatur id modi et facilis. Ipsa et quas veniam nihil dignissimos.','neque',114599701,NULL,'2002-03-15 13:27:35','2018-05-13 00:32:24'),(53,53,53,'Ipsum expedita facilis minus hic. Amet nisi pariatur nemo. Incidunt est quidem voluptates consequatur accusantium facilis. Delectus iure aut asperiores nam dolorem mollitia.','nostrum',967,NULL,'1982-12-13 17:29:23','1980-01-29 17:42:23'),(54,54,54,'Omnis pariatur aliquid quisquam aut et neque qui. Ad voluptas ab commodi vero odit non. Quae in nostrum culpa commodi.','reiciendis',9554526,NULL,'2003-06-23 00:15:59','1983-06-05 03:23:07'),(55,55,55,'Odio rerum ipsa consequatur sunt. Et et et reprehenderit iusto consectetur. Libero reprehenderit nostrum quod reiciendis enim tempore.','ipsum',5941,NULL,'1995-09-18 11:57:39','1984-04-03 23:05:24'),(56,56,56,'Ut tenetur tempora perspiciatis ad in eveniet voluptatem. Ducimus quisquam temporibus consequuntur magnam. Recusandae eius accusantium voluptatem alias neque aperiam ullam. Nostrum incidunt aut reprehenderit ullam.','a',768,NULL,'1983-01-28 01:14:48','2004-08-03 11:19:53'),(57,57,57,'Minima velit quia ut nihil natus sunt. Autem nostrum nihil pariatur eum et libero perferendis. Est vitae facilis nisi sint magni expedita.','nihil',0,NULL,'2003-03-03 11:05:59','2014-07-31 06:54:47'),(58,58,58,'Sint laudantium ut dolor esse corrupti dignissimos id molestiae. Velit enim totam vel laborum omnis doloribus. Eum recusandae est quisquam iste voluptate.','maiores',12492224,NULL,'1996-04-23 23:12:01','2008-12-17 22:48:19'),(59,59,59,'Eum nobis accusamus hic eos sapiente nobis. Minus rerum odio nostrum doloribus at. Illo et officia ut nemo nobis fugit ducimus alias.','sequi',40321,NULL,'1998-11-25 11:54:29','2002-11-30 16:52:25'),(60,60,60,'Consequatur voluptatum consequatur fugiat vel. Blanditiis vitae asperiores ut veritatis. Omnis explicabo vel sit distinctio excepturi labore magni. Quidem aut quaerat animi consequuntur.','inventore',73933802,NULL,'2018-03-22 02:53:40','2014-07-28 01:32:04'),(61,61,61,'Quia corrupti rerum tenetur rem. Nihil impedit nisi consequatur nam quos. Eaque alias est quibusdam commodi quo modi necessitatibus.','quia',57,NULL,'1985-03-18 12:28:59','1970-06-29 20:43:42'),(62,62,62,'Est consectetur delectus quos. Aut voluptas a qui repellendus nisi et ullam.','quod',40,NULL,'1980-04-15 02:34:19','2012-12-19 05:21:29'),(63,63,63,'Fugiat mollitia sint quod laudantium laudantium. Consequatur aut sit sit. Quia sint dolor laudantium aut nulla.','culpa',65324,NULL,'2018-03-06 05:29:47','2003-12-09 14:27:41'),(64,64,64,'Quia nulla ab eos doloribus. Est nihil maxime voluptatibus optio possimus inventore. Nisi sapiente laborum quis sunt ut. Provident facilis laudantium eius magnam recusandae accusantium id.','sit',70,NULL,'1989-02-20 03:02:53','1985-03-26 14:15:41'),(65,65,65,'Explicabo aut nesciunt ut fuga consequatur libero. Blanditiis cumque sint et praesentium eos nesciunt. Suscipit molestias molestias expedita. Porro ullam eos possimus sit magnam illo voluptatem recusandae.','est',2060296,NULL,'1996-05-16 23:48:23','2013-11-15 03:12:48'),(66,66,66,'Enim itaque quo occaecati qui. Veniam mollitia odio quae quia molestias incidunt hic. Quisquam ullam qui sed quod doloribus quia.','culpa',702,NULL,'2020-06-05 10:03:48','1984-07-05 23:12:33'),(67,67,67,'Voluptas iure expedita asperiores quam itaque voluptate. Cupiditate ut deleniti laborum cum cum eveniet soluta. Dolorum sit ut eveniet aut quos quo. Ipsam iste qui vel aut dolor molestiae.','soluta',77574,NULL,'1990-03-19 16:52:27','1972-11-02 13:07:32'),(68,68,68,'Quia qui libero et vel aut. Cum similique ex distinctio. Ut quisquam quia odit aliquid. Tempore expedita nihil sint.','voluptatibus',16470,NULL,'2009-01-04 06:58:18','2009-03-29 01:28:35'),(69,69,69,'Modi reiciendis perferendis qui et. Aut officia est iure sit quas porro. Esse alias sequi ducimus impedit.','vel',339439,NULL,'1973-07-30 17:10:10','2000-07-18 17:34:08'),(70,70,70,'Iusto alias et neque. Quo delectus provident voluptate id non ipsa. Et eum tenetur aspernatur et ab.','accusamus',6334,NULL,'2003-08-07 00:50:25','1973-04-20 21:28:41'),(71,71,71,'Ut voluptatem aut unde laborum et. Architecto quos animi consequatur excepturi tenetur voluptas odit. Non vel velit ut asperiores beatae sunt. Excepturi eius est placeat necessitatibus quod. Natus mollitia quo repudiandae vero ut deleniti.','quia',732,NULL,'2019-12-03 18:56:00','2004-12-22 14:39:06'),(72,72,72,'Maiores tempora laboriosam quam et sequi. Ratione magnam veniam asperiores tenetur numquam. Reiciendis perferendis ullam deleniti itaque ut. Sed placeat et consequatur esse doloribus at.','voluptatum',289,NULL,'1993-03-15 03:39:59','2020-07-19 09:47:49'),(73,73,73,'Rem laudantium animi eum dolor atque saepe. Vel nihil aperiam exercitationem est nulla veritatis dolor. Tempore repellendus reprehenderit aut sapiente. Quaerat omnis tempore sint rerum quisquam. Aut voluptates doloribus voluptates aspernatur.','qui',3252759,NULL,'2018-05-21 13:10:19','1985-04-02 08:14:35'),(74,74,74,'Et ut consequuntur odit doloremque deserunt. Vero autem hic asperiores quo occaecati. Quisquam ratione saepe molestiae. Quam sint quaerat provident vel illum.','facere',2,NULL,'1970-01-08 17:28:56','1992-04-02 17:26:39'),(75,75,75,'Omnis asperiores et quisquam eius et aut. Temporibus occaecati odio eius consequatur voluptate cum ipsum.','voluptas',188264,NULL,'2010-01-30 01:06:10','1985-09-22 03:04:13'),(76,76,76,'Ipsa et voluptatem voluptatum enim quo. Qui consequatur consectetur architecto adipisci.','minima',496730,NULL,'1978-04-13 23:38:57','1983-01-18 18:29:52'),(77,77,77,'Omnis blanditiis deserunt inventore repellendus ea. Nobis eveniet sit enim adipisci cum. Molestias optio nostrum sint dolorum aut cupiditate optio. Rerum ipsum labore quo voluptas et ipsa accusantium repellat.','aut',0,NULL,'2006-03-17 20:08:42','1994-11-17 18:05:28'),(78,78,78,'Ut ut voluptatem beatae esse qui. Quis rem sequi ut vitae quaerat et. Omnis cupiditate dolorem sed quia. Minima eius id ullam distinctio dicta commodi.','est',186095589,NULL,'1971-08-11 05:39:09','2016-11-01 20:10:45'),(79,79,79,'Maxime totam ullam dolor assumenda. Voluptas quo non ut. Iusto vel pariatur vel similique id assumenda. Laudantium et consequatur nihil ut asperiores ullam officiis.','et',57318406,NULL,'2014-01-20 13:02:27','1977-06-11 12:14:37'),(80,80,80,'Iusto dignissimos aliquam minima nostrum. Nostrum qui qui pariatur ipsum assumenda. Nihil eius quia quaerat est eius.','architecto',3137,NULL,'1995-02-13 23:48:56','2005-08-12 07:39:34'),(81,81,81,'Aut repellendus aut nisi qui et vero est. Aut qui dolorem saepe corporis. Rerum doloremque rerum quidem. Aut enim nemo omnis doloremque. Consequuntur dolorem eaque autem enim.','consectetur',0,NULL,'1999-06-28 06:53:48','1989-11-27 15:31:58'),(82,82,82,'Laudantium rem reprehenderit error deserunt. Recusandae dolorum dolore ducimus corporis possimus praesentium qui dolor. Consequuntur est voluptate optio est.','nulla',41,NULL,'2012-02-19 09:39:16','2013-05-08 01:27:01'),(83,83,83,'Sint ut asperiores numquam. Dolores non et necessitatibus. Quia quod nihil quas ex qui quae. Odio quibusdam fugiat expedita quibusdam et enim earum.','assumenda',723621,NULL,'2007-04-27 06:25:06','2019-04-05 09:09:12'),(84,84,84,'Eum non qui non ut sit voluptas quos. Sunt delectus aut officiis exercitationem ex quisquam aut. Sint eos reprehenderit animi laborum.','dolorem',284,NULL,'1990-07-02 00:02:12','1985-12-10 10:39:14'),(85,85,85,'Similique architecto voluptas dolorem unde unde qui. Totam minus autem cum quas. Occaecati aut aut non.','possimus',795363385,NULL,'2011-03-17 07:59:27','2003-05-01 05:26:10'),(86,86,86,'Qui et maxime et occaecati quam. Nulla dignissimos sit ipsa dolorum eaque tenetur eligendi. Nihil ut deserunt et inventore illo. Eum est eum qui aliquid quis dolores.','placeat',0,NULL,'1979-02-25 08:09:34','1999-06-03 03:55:39'),(87,87,87,'Voluptatem et tempora rerum dolorum deserunt quis. Impedit explicabo et ratione temporibus velit ab. Ipsam omnis quidem voluptate velit voluptates ut. Eligendi necessitatibus quam fugiat ab velit saepe placeat praesentium. Minus ipsa corrupti blanditiis dolorem sit est.','laudantium',376463321,NULL,'1974-03-29 20:01:17','2007-07-09 12:30:44'),(88,88,88,'Nobis ex suscipit rerum nisi. Odit aut eius ea nihil. Numquam dolorem dolor eligendi.','repudiandae',753157,NULL,'1996-05-16 20:22:45','1993-10-24 04:29:54'),(89,89,89,'Modi ducimus earum omnis. Sint quae dolor dolores reprehenderit dolores debitis. Veritatis ea nihil delectus voluptatem rerum a minima.','quae',256440927,NULL,'2003-06-14 22:00:43','2013-03-05 11:48:29'),(90,90,90,'Sunt illo eos deleniti saepe omnis doloremque. Mollitia voluptas sit non officiis. Exercitationem nemo eaque molestias quia quo ex. Sapiente et nulla est quasi est est.','assumenda',166,NULL,'2013-02-15 12:06:33','1993-08-01 00:44:44'),(91,91,91,'Sapiente et magni velit nihil occaecati voluptate maxime eos. Illo voluptas et aliquam accusamus quibusdam. Non voluptatem qui ut consequatur.','deleniti',35897,NULL,'1978-03-26 11:22:49','2010-11-22 11:51:11'),(92,92,92,'Quasi et ut laudantium dolor sed qui ex. Consequatur reiciendis repellat vero. Exercitationem iure est sapiente rerum ut est libero. Laudantium voluptates cupiditate ut quos. Dolores velit voluptate tenetur ut.','et',3389979,NULL,'1986-07-23 10:02:31','1998-05-18 21:13:09'),(93,93,93,'Rem animi enim rerum est. Eius reiciendis consequatur delectus aspernatur et. Omnis vel est officia corrupti quam pariatur.','voluptate',624715,NULL,'1984-07-03 19:01:23','1985-07-23 03:39:45'),(94,94,94,'Inventore eligendi dolorem voluptatem nihil voluptatibus unde et. Dolorum in eos delectus.','et',41777,NULL,'2005-12-14 05:56:32','2005-02-01 18:49:29'),(95,95,95,'Ad exercitationem ut aliquid ut quae. Fugiat aut laboriosam rerum. Sequi at voluptatibus adipisci adipisci aliquid in et voluptates. Culpa molestiae est repudiandae neque.','nostrum',0,NULL,'1981-11-08 09:47:41','1970-01-28 00:31:11'),(96,96,96,'Ea reiciendis commodi eos aliquam qui. Ut similique omnis autem ab animi officia omnis. Aut officia aliquid et incidunt cum occaecati vitae. Corporis enim aliquam porro repellat aperiam reprehenderit.','facere',0,NULL,'1995-08-22 11:53:48','1993-05-03 23:09:40'),(97,97,97,'Cupiditate sunt eum qui a est id accusantium. Est et maxime dicta rerum. Veniam ex eligendi ea eum vero eos necessitatibus.','tenetur',735,NULL,'2011-01-15 22:42:17','1999-05-28 12:16:36'),(98,98,98,'Dicta aliquid labore qui quaerat nemo. Quis cumque non quibusdam et sed. Quasi ducimus in quia velit.','tenetur',281,NULL,'1990-01-03 07:26:28','2016-03-07 18:42:43'),(99,99,99,'Temporibus dignissimos molestiae sunt provident dignissimos corporis voluptatum et. Laudantium deserunt voluptas ut est est harum facilis placeat. Qui odit quod quia sunt ea deserunt voluptates.','hic',6853720,NULL,'2001-05-28 13:42:57','1998-02-13 03:16:19'),(100,100,100,'Ad rem quo ducimus architecto ullam vel. Natus qui minus deleniti alias suscipit nostrum fugit.','et',9317,NULL,'1993-03-03 13:52:42','2000-06-12 20:04:18');
/*!40000 ALTER TABLE `media` ENABLE KEYS */;
UNLOCK TABLES;

--
-- Table structure for table `media_types`
--

DROP TABLE IF EXISTS `media_types`;
/*!40101 SET @saved_cs_client     = @@character_set_client */;
/*!40101 SET character_set_client = utf8 */;
CREATE TABLE `media_types` (
  `id` bigint(20) unsigned NOT NULL AUTO_INCREMENT,
  `name` varchar(255) COLLATE utf8mb4_unicode_ci DEFAULT NULL,
  `created_at` datetime DEFAULT current_timestamp(),
  `updated_at` datetime DEFAULT NULL ON UPDATE current_timestamp(),
  UNIQUE KEY `id` (`id`)
) ENGINE=InnoDB AUTO_INCREMENT=101 DEFAULT CHARSET=utf8mb4 COLLATE=utf8mb4_unicode_ci;
/*!40101 SET character_set_client = @saved_cs_client */;

--
-- Dumping data for table `media_types`
--

LOCK TABLES `media_types` WRITE;
/*!40000 ALTER TABLE `media_types` DISABLE KEYS */;
INSERT INTO `media_types` VALUES (1,'ad','1976-10-23 15:40:29','1997-12-12 22:27:24'),(2,'consequatur','1972-05-14 04:34:03','1972-06-20 03:22:04'),(3,'in','1997-09-26 02:49:06','1976-02-12 18:06:45'),(4,'et','2012-12-27 15:25:30','2014-02-23 15:43:16'),(5,'voluptatem','2017-12-10 14:16:29','2003-03-10 10:20:27'),(6,'id','2020-12-24 11:20:36','1997-04-27 05:31:01'),(7,'nihil','2017-08-16 19:49:02','2004-03-04 22:17:19'),(8,'animi','2006-09-16 18:08:30','1993-09-28 21:30:50'),(9,'dolorem','2016-10-14 17:31:56','2001-12-07 21:20:12'),(10,'quo','1981-03-27 17:48:04','2001-04-25 16:12:25'),(11,'eligendi','2017-02-10 20:46:17','2003-11-20 10:10:40'),(12,'aut','1981-10-30 08:52:56','2010-10-22 02:36:08'),(13,'est','1977-02-17 17:39:36','1992-05-29 10:56:33'),(14,'iste','1983-06-10 19:13:33','2019-05-07 10:16:31'),(15,'qui','1996-02-02 22:33:06','1970-05-20 14:19:46'),(16,'harum','2016-06-03 06:06:47','1984-12-01 14:03:37'),(17,'minima','1990-01-26 22:15:19','1981-02-08 19:59:42'),(18,'iusto','2006-09-12 17:26:27','2012-02-14 12:11:16'),(19,'atque','1977-02-03 03:58:23','1997-02-05 10:02:22'),(20,'sunt','1988-09-10 19:02:24','1971-11-25 16:27:01'),(21,'eaque','1979-03-26 07:54:03','2004-11-27 00:18:19'),(22,'eius','2013-10-18 17:22:47','1999-04-06 12:50:41'),(23,'reprehenderit','2007-05-21 18:08:22','2015-07-14 12:12:30'),(24,'quibusdam','2019-05-02 19:03:04','2005-12-28 03:47:49'),(25,'necessitatibus','1979-05-21 23:16:31','1983-02-03 16:40:16'),(26,'rem','1992-11-02 23:20:47','1997-03-04 11:19:09'),(27,'ipsa','2004-04-01 21:58:29','1987-01-06 13:31:14'),(28,'unde','1989-02-04 13:10:50','2010-04-29 21:31:15'),(29,'maxime','2005-10-06 15:44:25','2009-07-31 02:19:44'),(30,'quia','1999-02-10 18:49:57','1982-04-11 17:11:15'),(31,'eos','2011-03-17 07:19:37','1989-01-25 12:58:46'),(32,'esse','2015-11-29 23:42:16','2003-04-28 18:51:07'),(33,'dicta','1975-12-26 19:06:59','1996-04-24 12:30:12'),(34,'eligendi','2006-05-06 17:51:19','2008-05-15 15:03:26'),(35,'alias','2009-06-18 23:21:21','1979-12-09 11:26:55'),(36,'maiores','1976-12-25 16:30:55','1974-09-04 10:35:44'),(37,'odit','2001-03-15 19:24:17','1971-11-18 22:52:34'),(38,'molestiae','2008-03-28 00:58:53','1988-01-13 01:18:43'),(39,'qui','2015-03-01 01:08:18','2018-05-16 10:46:21'),(40,'inventore','2015-11-17 11:40:22','2000-06-12 19:14:03'),(41,'tempora','2017-08-23 20:38:09','1992-01-16 15:43:28'),(42,'minima','2001-09-22 11:58:29','1977-06-30 12:03:53'),(43,'possimus','2008-06-18 04:02:59','2003-06-26 05:30:16'),(44,'veniam','1992-06-15 14:47:34','1970-12-17 01:40:42'),(45,'enim','1976-09-22 04:51:30','1974-11-01 02:10:01'),(46,'similique','1991-03-11 13:33:50','1995-11-08 02:23:19'),(47,'et','1993-12-06 02:15:13','2007-12-09 03:20:24'),(48,'cupiditate','2014-10-07 21:58:16','1978-03-12 04:05:16'),(49,'voluptates','2013-08-10 20:02:46','1979-07-02 07:13:55'),(50,'provident','1983-05-21 22:41:47','1993-02-27 02:24:53'),(51,'cum','1972-02-25 09:30:30','2005-02-13 06:55:23'),(52,'rem','1995-09-23 20:02:40','2020-01-05 07:25:46'),(53,'ad','2003-03-22 17:23:05','2011-04-14 15:12:05'),(54,'aperiam','1974-01-24 16:06:04','1975-09-25 13:25:12'),(55,'impedit','1998-09-11 22:50:35','1976-11-25 11:38:19'),(56,'et','1971-10-13 17:48:35','1974-08-27 23:16:33'),(57,'molestiae','2001-07-10 11:21:51','2006-10-03 11:00:33'),(58,'eum','2006-11-30 02:37:47','2010-03-07 04:04:59'),(59,'omnis','2000-09-21 06:05:51','1997-01-11 09:56:52'),(60,'fuga','2013-08-05 12:06:07','1975-03-08 08:58:31'),(61,'veniam','1988-03-30 23:58:22','1976-10-30 12:42:28'),(62,'accusantium','2009-12-27 12:40:32','1990-09-18 17:43:30'),(63,'cum','2008-06-16 16:38:34','1996-12-07 03:51:25'),(64,'aut','1979-10-24 20:28:32','1978-08-02 23:07:30'),(65,'nemo','1983-12-12 05:52:47','1976-06-11 11:08:14'),(66,'aliquid','2012-12-05 05:36:16','2020-02-06 14:27:18'),(67,'neque','1973-02-25 15:41:55','1985-06-27 21:40:36'),(68,'impedit','2001-05-09 05:23:16','2016-11-09 01:30:00'),(69,'voluptate','2020-10-01 03:08:06','2002-05-04 11:55:24'),(70,'ut','2002-04-03 20:22:00','2004-06-24 22:02:18'),(71,'non','2020-10-25 00:40:52','1979-01-10 14:12:35'),(72,'voluptatem','1993-10-27 22:34:46','2003-03-22 21:06:51'),(73,'eveniet','1988-10-18 11:28:29','1997-10-26 04:54:19'),(74,'esse','1973-06-08 13:13:06','2007-07-05 09:46:55'),(75,'neque','2017-10-31 21:30:04','2002-11-07 17:31:25'),(76,'facere','2009-07-24 00:08:45','2012-01-03 22:55:25'),(77,'quidem','2010-05-15 07:41:16','2017-09-12 11:23:36'),(78,'aperiam','1999-09-29 18:31:13','1984-10-29 19:01:09'),(79,'natus','1983-02-03 00:14:05','2012-05-23 07:39:43'),(80,'aliquam','2016-10-04 14:38:54','1980-11-01 11:35:24'),(81,'odit','1977-05-21 23:49:23','1990-03-16 04:21:06'),(82,'debitis','2002-02-16 13:36:26','1978-01-04 12:45:39'),(83,'itaque','1981-05-17 17:28:29','2013-09-30 02:36:23'),(84,'fuga','1986-11-17 23:14:17','1988-02-18 12:58:17'),(85,'fugiat','2007-03-18 11:42:18','1972-06-02 23:35:11'),(86,'id','1986-07-25 05:20:48','1972-08-16 03:28:36'),(87,'placeat','1985-06-21 18:02:22','2016-10-19 04:29:03'),(88,'mollitia','2013-04-02 18:14:44','1980-08-04 19:06:26'),(89,'harum','2009-07-18 04:07:54','2006-06-28 02:21:17'),(90,'unde','1992-01-24 19:40:41','1992-10-01 22:55:57'),(91,'eaque','1999-07-05 03:07:27','1995-03-05 16:39:07'),(92,'inventore','1978-07-19 05:07:47','1993-12-23 06:38:52'),(93,'qui','1982-04-28 20:02:40','2008-08-27 07:04:25'),(94,'autem','1985-10-03 14:26:48','1986-04-12 10:21:02'),(95,'eum','2013-11-14 13:53:46','1978-10-03 00:44:52'),(96,'culpa','2015-12-08 23:34:13','1996-03-24 11:37:10'),(97,'alias','1979-11-21 18:15:25','1975-12-27 13:24:43'),(98,'est','2015-11-03 09:02:32','2005-01-31 06:48:33'),(99,'et','1975-12-15 23:59:06','2016-08-15 10:13:16'),(100,'inventore','1987-09-03 09:51:14','1988-02-10 00:52:05');
/*!40000 ALTER TABLE `media_types` ENABLE KEYS */;
UNLOCK TABLES;

--
-- Table structure for table `messages`
--

DROP TABLE IF EXISTS `messages`;
/*!40101 SET @saved_cs_client     = @@character_set_client */;
/*!40101 SET character_set_client = utf8 */;
CREATE TABLE `messages` (
  `id` bigint(20) unsigned NOT NULL AUTO_INCREMENT,
  `from_user_id` bigint(20) unsigned NOT NULL,
  `to_user_id` bigint(20) unsigned NOT NULL,
  `body` text COLLATE utf8mb4_unicode_ci DEFAULT NULL,
  `created_at` datetime DEFAULT current_timestamp(),
  UNIQUE KEY `id` (`id`),
  KEY `from_user_id` (`from_user_id`),
  KEY `to_user_id` (`to_user_id`),
  CONSTRAINT `messages_ibfk_1` FOREIGN KEY (`from_user_id`) REFERENCES `users` (`id`),
  CONSTRAINT `messages_ibfk_2` FOREIGN KEY (`to_user_id`) REFERENCES `users` (`id`)
) ENGINE=InnoDB AUTO_INCREMENT=101 DEFAULT CHARSET=utf8mb4 COLLATE=utf8mb4_unicode_ci;
/*!40101 SET character_set_client = @saved_cs_client */;

--
-- Dumping data for table `messages`
--

LOCK TABLES `messages` WRITE;
/*!40000 ALTER TABLE `messages` DISABLE KEYS */;
INSERT INTO `messages` VALUES (1,1,1,'At quibusdam placeat molestias fugit enim. Non voluptatem et delectus non aliquam qui id. Harum aliquam debitis dolore aspernatur. Laborum et veritatis pariatur ullam.','1974-05-23 05:38:58'),(2,2,2,'Vero ipsam rem commodi sit praesentium. Aut ea dolor totam harum ab harum. Alias nulla qui culpa iusto occaecati sequi dolor dolor. Hic labore ratione quisquam. Doloribus enim ullam velit consequatur modi reprehenderit animi.','2014-06-24 09:41:08'),(3,3,3,'Reprehenderit voluptas et eveniet nam accusamus. Quos omnis voluptas nemo velit error. Enim numquam tempore atque et aut.','2015-12-23 05:37:06'),(4,4,4,'Enim aut adipisci porro enim. Vitae totam voluptatem eius qui laboriosam aliquid inventore. Non quidem voluptate libero.','1975-10-11 10:05:14'),(5,5,5,'Expedita cumque hic cumque ut et vel. Sed quia voluptas dolorum exercitationem et incidunt dicta reprehenderit. Ipsa et ab adipisci exercitationem esse doloremque.','1982-08-17 07:04:59'),(6,6,6,'Sapiente at earum aut repellat ratione. Saepe quia labore sunt quod. Soluta error optio aut occaecati reiciendis maiores ut.','2017-04-30 15:31:35'),(7,7,7,'Eveniet itaque accusamus dolorem labore ut. Similique cumque beatae ex aut. Suscipit porro id unde ea qui odit veniam atque. Iure eaque ipsam laudantium ad.','2014-05-09 18:12:47'),(8,8,8,'Accusantium ea vero asperiores recusandae nulla tenetur. Consequatur officia praesentium nulla necessitatibus. Minus dolores ab ea et vitae.','1992-04-25 16:41:36'),(9,9,9,'Unde deleniti nulla consequatur adipisci consequatur eveniet ut. Debitis vero esse quia dolorum distinctio maxime voluptatem occaecati.','2006-02-22 00:23:31'),(10,10,10,'Excepturi est et velit. Placeat a dolores eum ex iste alias. Autem officia qui facilis beatae quis deleniti. Molestiae rerum aut animi maxime.','2011-06-09 22:28:19'),(11,11,11,'Aut magni autem dolorem omnis. Excepturi rerum perferendis dolor quod. Doloribus enim unde quas sit.','1989-09-23 22:32:21'),(12,12,12,'Voluptatem quis dolorem nihil labore saepe. Et odio animi vitae rerum perspiciatis minima rerum. Sed quo a neque et dolorem. Nobis aspernatur doloremque totam eveniet.','2018-02-24 17:15:01'),(13,13,13,'Accusantium quo praesentium modi ab dignissimos natus. Animi provident hic dolore. Vero ex ab similique et consequatur voluptas laborum. Debitis beatae occaecati magni ratione qui autem.','1971-07-28 16:47:15'),(14,14,14,'Perferendis voluptatum voluptas sit accusamus. Ea facilis sunt impedit ab omnis. Nesciunt ullam molestiae adipisci eos.','1980-12-16 05:24:02'),(15,15,15,'Exercitationem ut repellendus est quisquam nam quia. Dolore modi reprehenderit possimus. Dolores natus aliquid est vel. In est quia et sit qui.','2002-05-08 00:00:23'),(16,16,16,'Aut ullam debitis inventore aut et maiores ipsum ut. Dolores doloremque sint soluta ut eum voluptatem eos. Voluptatem pariatur ea quis. Adipisci et aspernatur facere sed harum.','2016-08-16 15:20:22'),(17,17,17,'Non voluptatem itaque libero fuga quo distinctio eos odit. Numquam mollitia est quidem aut. Et possimus saepe sunt in at et commodi. Qui sit ab totam est suscipit error.','1972-12-17 01:47:42'),(18,18,18,'Explicabo ut ipsa possimus maiores eos maxime corporis. Porro id non exercitationem nihil necessitatibus molestiae. Consequatur et non ullam non tempora molestiae quisquam.','1999-08-17 06:29:04'),(19,19,19,'Natus laborum voluptas est non asperiores. Hic ea velit autem qui ut. Ad accusamus perspiciatis ea debitis est.','1970-08-13 08:01:15'),(20,20,20,'Voluptatem vero tempore vel magnam itaque et. Dolor laboriosam illum vel. Molestiae sequi non possimus est.','1977-07-30 11:15:58'),(21,21,21,'Mollitia ut officia rerum. Recusandae labore accusantium doloremque ut accusamus.','1994-05-04 01:33:22'),(22,22,22,'Ea accusantium adipisci ea velit. Eveniet est officia dicta ratione ea dolorem. Incidunt totam ullam odio et nihil earum officiis. Recusandae officiis ea commodi.','1988-07-28 01:14:18'),(23,23,23,'Amet explicabo suscipit voluptas quia accusamus sequi ut. Aut quia sit est consequatur quia assumenda natus. Quibusdam ut omnis similique voluptatum.','2004-12-14 20:19:37'),(24,24,24,'Facilis autem sint fugiat eveniet eos ratione. Vel perferendis magni autem dolorem magnam qui. Quo dolores enim enim ut a sint suscipit delectus. Sint eligendi voluptates quas praesentium. Distinctio temporibus ullam id magnam vel.','1988-05-13 09:16:20'),(25,25,25,'Ut et tenetur sint molestiae ea est iste quo. Molestias id ex ut ea. Est ut totam aut possimus suscipit sed officiis ex.','2020-05-23 05:36:18'),(26,26,26,'Ut consequatur voluptatem non laborum dolor sunt possimus harum. Qui modi nam error sed. Et quisquam ducimus cumque et autem quasi dolorem. Consequatur voluptas ipsa et iure.','1989-07-09 08:55:48'),(27,27,27,'Assumenda quis enim voluptatem fuga. Voluptates delectus laboriosam est sint. Molestiae at rerum est iste reiciendis voluptatum.','2017-03-21 18:42:54'),(28,28,28,'Aliquid qui placeat ratione vero nostrum impedit sit. Atque odio veniam iusto quibusdam. Neque laudantium expedita labore vero rem et pariatur.','1988-08-08 05:06:42'),(29,29,29,'Assumenda minima architecto magni autem molestiae dolores. Aut ut at aperiam qui. Vero incidunt veniam labore voluptas aut nihil.','1996-04-16 13:13:03'),(30,30,30,'Non accusamus aut totam est aut rerum. Aut voluptatem eveniet velit aut quo. Dolorum est et voluptatem odio et est quis.','1977-09-18 18:53:37'),(31,31,31,'Tenetur nulla est accusantium qui facere. Ipsa quasi explicabo consequatur accusamus vel eaque optio omnis. Nobis quia omnis veritatis quis dolor ea architecto. Qui at dicta aliquam sint cum.','1972-04-30 09:50:17'),(32,32,32,'Officiis sint exercitationem quibusdam cum. Molestias quod odio voluptatem autem. Dolorem quasi facilis temporibus sapiente incidunt id nemo tempora. Amet voluptatem voluptatem cum voluptatem qui molestias.','1995-07-10 21:19:43'),(33,33,33,'Alias cumque sed non ea et eos quidem. Voluptatum est sapiente ullam laboriosam architecto. Aperiam ipsam veniam delectus eius at quas.','2010-07-12 11:38:37'),(34,34,34,'Tempora expedita minima maxime id minima voluptatibus. Necessitatibus impedit nisi alias nam. Accusamus assumenda reiciendis esse culpa soluta doloremque nulla.','1987-05-08 01:57:19'),(35,35,35,'Omnis nemo quasi velit reprehenderit ipsam nesciunt et laborum. Voluptas ipsam placeat incidunt. Atque optio fugiat sapiente officiis consequatur. Et molestiae est quidem id omnis quae. Praesentium ratione dolores et dolor ut dolor atque.','1971-11-19 16:26:14'),(36,36,36,'Quia rerum minima cumque. Voluptatem laboriosam eius labore sed sed odio. Sint sit sunt adipisci saepe non eaque. Nihil doloribus dolor explicabo.','2020-12-28 02:27:29'),(37,37,37,'Ullam commodi et omnis aliquam qui qui. Quod nobis dolorem aut quaerat ut fugiat suscipit. Odit aliquid vitae est voluptatem est illum beatae nostrum.','1984-05-18 07:57:25'),(38,38,38,'Ut ut quos totam eligendi dolore. Dolores quia qui sint. Qui sunt ut ipsam eos ducimus et aut. Reiciendis necessitatibus praesentium ea necessitatibus et.','1993-04-14 21:17:56'),(39,39,39,'Atque dolore est eos dolore soluta nostrum fugiat. Consequatur adipisci suscipit id reprehenderit tempora unde molestiae. Et eligendi dolore excepturi ipsam qui et. Temporibus eum est sed sint aliquam vel magni.','1996-02-13 11:20:11'),(40,40,40,'Veniam ratione esse asperiores quia fugit velit. Possimus autem repellat inventore iste. Maxime aut rerum soluta non. Nostrum perferendis est id recusandae nulla dolores quis.','1978-11-15 07:57:00'),(41,41,41,'Earum occaecati consequuntur quis doloremque vel deleniti facere. Possimus asperiores repellendus quae sunt consectetur enim vitae.','1977-01-31 12:33:36'),(42,42,42,'Voluptatem et excepturi sed minus pariatur perferendis vel sed. Debitis et rem labore. Quis qui occaecati unde nihil delectus voluptatem voluptas.','1991-09-23 21:48:41'),(43,43,43,'Error qui molestias quod cupiditate eos quae. Sint voluptatibus ipsum officiis tenetur qui eos omnis accusantium. Quidem minima doloremque illum velit. Quos provident necessitatibus at vero est voluptates.','2010-09-23 23:03:17'),(44,44,44,'Beatae repudiandae eligendi maiores in. Quia fugiat eius nemo accusantium voluptatem sint dolorem. Earum omnis modi nam et veritatis aut maxime. Suscipit id dolorem ad ipsam delectus qui.','2003-09-24 10:14:33'),(45,45,45,'Omnis tenetur culpa et ut voluptatem. Unde aut porro laborum aliquam qui perspiciatis ipsam. Expedita est nihil non quasi.','1986-11-05 16:05:40'),(46,46,46,'Aperiam sequi id eius quod tempora id. Vel quo consequatur officiis dolores eum amet. Omnis nulla et et occaecati et. Dolorum quibusdam repudiandae aperiam.','1982-01-21 03:01:07'),(47,47,47,'Explicabo voluptas sapiente ut accusantium error. Dignissimos illum et qui eum rem. Alias maxime sit ullam nihil a porro debitis.','1996-01-15 19:04:24'),(48,48,48,'Perferendis non voluptates et rerum voluptatem cumque quaerat in. Nobis voluptas nulla ullam qui sint mollitia. Tempore voluptas aut dolor consequatur quidem. Perspiciatis error omnis vitae quae. Non pariatur recusandae eum in amet beatae deleniti quia.','1977-09-08 17:07:40'),(49,49,49,'Ducimus sed nesciunt aut qui culpa natus. Omnis eius et est cumque alias aliquid. Quidem quis sit sint consequatur eum explicabo quisquam.','1998-07-09 19:23:57'),(50,50,50,'Voluptatum omnis tempore molestiae sint accusamus omnis fuga. Qui alias mollitia rerum suscipit velit eum. Ea fuga praesentium qui dolore.','2004-01-23 00:03:09'),(51,51,51,'Rem mollitia cumque quo quisquam voluptas voluptas vel. Tenetur et nam velit et illum molestiae impedit.','2017-12-23 17:11:08'),(52,52,52,'Illum eligendi illo sit voluptatem quisquam qui qui. Distinctio et molestiae officiis similique et ipsam autem. Molestiae deserunt voluptate saepe eligendi. Sequi ut et tenetur ut iste esse debitis. Quasi natus vel accusamus minus a iure eligendi ut.','1980-03-22 12:29:09'),(53,53,53,'At in pariatur qui minus sed fugiat dolor. Tempora nisi enim molestiae expedita commodi vel. Dolorum rerum et ad molestiae.','1989-05-20 19:17:07'),(54,54,54,'Repudiandae vitae nemo porro alias et. Beatae in delectus totam et. Occaecati laborum voluptate ratione eveniet et. Voluptatum non fugiat vel minima nesciunt.','2009-11-17 04:27:01'),(55,55,55,'Est quia aut non. Nulla tempora fugit praesentium voluptatem nisi dicta eveniet. Quia ullam corrupti ab repellat sed.','1988-03-12 17:21:10'),(56,56,56,'Deserunt sint quia totam. Nisi et perspiciatis voluptas neque aut aut doloribus incidunt. Sed illo repellat voluptatibus ullam et qui. Minus vel veniam earum aliquam sed iure.','1981-03-29 20:24:19'),(57,57,57,'Accusantium ex hic quis sit. Temporibus voluptatum rem dolor. Necessitatibus enim placeat qui et nobis doloribus quia soluta. Fugiat molestiae natus necessitatibus dolorem id.','2000-02-27 04:20:33'),(58,58,58,'Temporibus rem dolores dignissimos dignissimos. Reiciendis aspernatur et deleniti suscipit. Voluptatibus quo fugiat omnis officia nihil molestias. Quibusdam veniam quis fugiat cumque.','2019-02-16 14:33:17'),(59,59,59,'Aspernatur aut aut dolores rerum maxime aut deleniti. Ipsa libero dolorem explicabo ab. Dolorum ducimus dolorem alias minima quo id. Sed rerum aut id ipsa iure commodi voluptatem accusamus.','1985-03-03 21:42:03'),(60,60,60,'Earum voluptatem cupiditate architecto aut corrupti unde quis. Quia quas veritatis provident. Veniam cumque hic aspernatur molestias. Est aut eum quas sequi culpa.','1976-05-18 14:21:23'),(61,61,61,'Velit incidunt voluptates et sunt. Doloremque magnam quas et molestias facilis. Cupiditate recusandae mollitia aut magni temporibus assumenda reiciendis. Nihil reiciendis necessitatibus et ut dolores explicabo.','1993-06-30 22:06:21'),(62,62,62,'Fuga numquam corrupti eius et vel et ut voluptas. Corrupti voluptatem fugiat qui.','1985-07-03 19:15:20'),(63,63,63,'Odit quis labore veniam quidem. Dignissimos reiciendis dicta sint est illum porro. Ea facilis sed id dignissimos ipsa.','2009-07-25 21:50:38'),(64,64,64,'Et earum vero sunt voluptas praesentium. Repellat exercitationem architecto exercitationem inventore voluptas similique.','2010-11-21 20:09:32'),(65,65,65,'Qui at possimus quis reiciendis fugit reiciendis. Consequatur quia fugiat iste et repudiandae voluptatibus. Libero sed ut similique praesentium aut. Dolorem dolor doloremque incidunt voluptas ex id.','1975-04-22 01:07:30'),(66,66,66,'Repellendus nesciunt quos rerum non excepturi. Eligendi nesciunt est laudantium qui delectus dolores. Quibusdam eius sint quibusdam dolor officiis enim error.','1984-02-02 02:58:38'),(67,67,67,'Amet voluptatum quasi quod autem. Expedita magnam doloremque omnis. Illo dicta et eum modi asperiores. Veniam et rerum doloribus quidem deserunt illum dolorem.','1981-04-30 16:24:20'),(68,68,68,'Laborum ut nam eveniet sequi et qui nostrum tenetur. Sed consectetur veniam suscipit pariatur. Quis quia qui rerum eligendi. Voluptas illum dolores laborum dicta consectetur.','2019-12-13 03:29:39'),(69,69,69,'Qui ex odio quae at numquam similique. Laudantium impedit ut voluptatem ad soluta. Inventore in omnis inventore quos earum cumque aliquam. Harum autem enim ea quibusdam omnis sint ex quia.','1992-01-29 19:59:31'),(70,70,70,'Doloremque itaque vel qui ratione laudantium iste quas at. Amet dolore dolor animi non nesciunt. Corrupti ratione et dolorum deleniti eveniet. Quo dolor in nobis fuga beatae aut mollitia. Occaecati dolor fugit ut non saepe voluptatem et.','2007-05-25 21:48:09'),(71,71,71,'Dicta exercitationem magnam aut est autem necessitatibus. Dignissimos quia non dicta quia expedita soluta earum. Commodi vero et animi veniam exercitationem expedita et. Ut id ab ea quasi iusto.','1976-06-28 22:15:39'),(72,72,72,'Ratione minima omnis asperiores. Culpa sed animi exercitationem eum veniam est. Non aperiam magni consequuntur itaque quo.','2015-07-05 12:42:39'),(73,73,73,'Dolorum minima dolorem consequuntur dolor earum amet. Quae corporis repellendus nesciunt dolore. Quos dolorem et eligendi itaque commodi. Ipsum mollitia deleniti omnis repudiandae minima ipsa. Ut molestiae minima labore qui optio.','1980-07-28 16:07:14'),(74,74,74,'Explicabo qui et officia debitis. Exercitationem cumque ea natus aspernatur sed sit. Ipsum iste aut nisi unde.','1984-12-26 13:41:57'),(75,75,75,'Consequatur consequuntur eligendi ea eos. Commodi sed nostrum minus ut nulla. Voluptatem eius id mollitia iste.','1985-10-18 09:05:22'),(76,76,76,'Dolorum autem aut nihil quis rem dolores. Optio aperiam possimus delectus. Totam aliquid adipisci ab atque rerum et nulla.','1970-03-24 03:54:31'),(77,77,77,'Quas dicta quo pariatur eligendi corrupti quis. Corporis sapiente quam dolorem vel eveniet. Ut vero in aut nisi et quod consequatur.','1971-11-11 00:11:59'),(78,78,78,'Reiciendis dolorum vero delectus at. Aut voluptates aut ratione iure consequatur iste. Eligendi doloribus magnam quidem quis ea ea ut. Voluptas saepe enim odio repellendus non voluptatem.','1994-03-24 22:53:43'),(79,79,79,'Aut non repellendus hic tempora cum. Veniam explicabo in omnis quae soluta fugiat aut.','1992-11-12 04:58:01'),(80,80,80,'Molestiae corporis facilis unde non et. Et consequatur quasi natus perferendis. Quo maiores rerum in consequuntur atque sapiente. Qui enim ratione blanditiis optio soluta molestias.','1994-06-08 09:36:54'),(81,81,81,'In consequatur ut in placeat. Ipsum illum et sequi nobis eum ab. Ad nemo harum architecto voluptas dolorem temporibus voluptatibus. Praesentium sit facilis exercitationem suscipit quam enim enim iusto.','1977-01-25 13:42:30'),(82,82,82,'Beatae modi earum nobis voluptatem et tenetur quo ullam. Ad sunt qui distinctio veritatis nisi. Ipsam voluptatum sapiente est dolore ut quo qui.','1984-02-29 06:34:45'),(83,83,83,'Qui quas nobis libero numquam labore. Praesentium incidunt explicabo ut illum et.','1995-12-27 20:29:10'),(84,84,84,'Corrupti consectetur illo omnis. Quia doloremque provident eligendi ut illum et rerum. Omnis recusandae voluptas esse quos aut sapiente sit laborum.','2002-03-22 15:10:16'),(85,85,85,'Magni pariatur error est itaque et ipsa recusandae et. Odio tempore et est officiis sit. Blanditiis occaecati dolor voluptas facilis at perferendis unde. Officiis dolores quisquam voluptas eligendi et qui voluptatem molestias. Quod quia amet a ad sequi.','1982-01-24 11:46:16'),(86,86,86,'Quaerat quis maxime nobis tenetur tempore voluptas qui quae. Sint quisquam dolorem libero atque odio. Beatae earum vel nulla voluptas.','1993-05-19 08:18:44'),(87,87,87,'Dignissimos quo inventore nam autem qui illum quis. Dignissimos esse repellat possimus ut cum cum voluptas. Laborum rerum error corporis recusandae error. Occaecati iste enim voluptates impedit est atque fugiat.','2008-12-11 09:38:24'),(88,88,88,'Qui quae ea dignissimos et. Recusandae vel tenetur accusamus officiis distinctio tenetur. Esse odio et nostrum praesentium dolore.','1986-08-24 13:26:33'),(89,89,89,'Exercitationem et neque numquam sint ullam. Omnis et ut pariatur explicabo maxime tempora sint. Dolores maiores suscipit velit nobis nam.','1970-03-04 06:37:56'),(90,90,90,'Laborum asperiores voluptatibus qui repellendus. Aliquam omnis consectetur dolores ut. Accusantium non dicta illo et magni aliquam et.','2004-08-10 11:17:34'),(91,91,91,'Esse debitis odio omnis eum sit unde repudiandae. Aut quia nulla officiis aut numquam blanditiis. Sed rem cumque neque voluptatem blanditiis nesciunt laudantium.','2015-12-21 20:09:42'),(92,92,92,'Ad non provident non debitis enim voluptatum. Velit saepe velit dignissimos. Quasi vitae odio doloremque.','1985-08-21 03:40:32'),(93,93,93,'Dolorum blanditiis quas debitis dolor officia dolores et. Provident et neque consequatur.','1974-09-25 15:47:58'),(94,94,94,'Recusandae fugiat sit quo vero velit. Ipsam et aut distinctio ut. Dolorum facilis eaque libero expedita est voluptatem sunt.','1973-01-11 01:34:02'),(95,95,95,'Et error beatae veritatis consectetur et dolorem recusandae. Et vel nihil qui omnis fugit et. Sed voluptas unde possimus in optio commodi ea. Impedit aut qui ducimus est. Porro perspiciatis non asperiores ab quia.','1977-11-25 06:59:40'),(96,96,96,'Dolores sint tempora porro veritatis hic debitis quo. Enim aut ea tempore recusandae aliquam alias. Iure enim aut eligendi asperiores ipsum enim.','2010-10-10 07:49:40'),(97,97,97,'Sunt labore impedit alias impedit reprehenderit debitis. Quia delectus eos nihil aut optio eos quis. Ut repellendus excepturi minima sed ipsa.','2003-10-29 00:08:24'),(98,98,98,'Tempore doloremque sed nesciunt qui mollitia minima. Voluptatem et quod neque velit id iure rerum. Alias excepturi est deserunt quia ut.','1995-06-26 04:39:35'),(99,99,99,'Ut in necessitatibus dolores odio. Debitis aut recusandae amet et voluptates iusto sint. Quis sint est laborum voluptas. Eum delectus dolorem est ea beatae.','1990-12-19 14:38:43'),(100,100,100,'Officiis et inventore accusantium doloribus. Neque libero qui aliquam tempora consequatur. Minima reprehenderit odio quis vel sit.','2014-09-24 07:45:07');
/*!40000 ALTER TABLE `messages` ENABLE KEYS */;
UNLOCK TABLES;

--
-- Table structure for table `photo_albums`
--

DROP TABLE IF EXISTS `photo_albums`;
/*!40101 SET @saved_cs_client     = @@character_set_client */;
/*!40101 SET character_set_client = utf8 */;
CREATE TABLE `photo_albums` (
  `id` bigint(20) unsigned NOT NULL AUTO_INCREMENT,
  `name` varchar(255) COLLATE utf8mb4_unicode_ci DEFAULT NULL,
  `user_id` bigint(20) unsigned DEFAULT NULL,
  PRIMARY KEY (`id`),
  UNIQUE KEY `id` (`id`),
  KEY `user_id` (`user_id`),
  CONSTRAINT `photo_albums_ibfk_1` FOREIGN KEY (`user_id`) REFERENCES `users` (`id`)
) ENGINE=InnoDB AUTO_INCREMENT=101 DEFAULT CHARSET=utf8mb4 COLLATE=utf8mb4_unicode_ci;
/*!40101 SET character_set_client = @saved_cs_client */;

--
-- Dumping data for table `photo_albums`
--

LOCK TABLES `photo_albums` WRITE;
/*!40000 ALTER TABLE `photo_albums` DISABLE KEYS */;
INSERT INTO `photo_albums` VALUES (1,'iure',1),(2,'cum',2),(3,'odit',3),(4,'est',4),(5,'itaque',5),(6,'doloribus',6),(7,'tempore',7),(8,'id',8),(9,'ducimus',9),(10,'omnis',10),(11,'eum',11),(12,'qui',12),(13,'eos',13),(14,'suscipit',14),(15,'nesciunt',15),(16,'quia',16),(17,'adipisci',17),(18,'voluptatem',18),(19,'ut',19),(20,'voluptatibus',20),(21,'sed',21),(22,'soluta',22),(23,'ea',23),(24,'accusamus',24),(25,'quia',25),(26,'ratione',26),(27,'corporis',27),(28,'eius',28),(29,'est',29),(30,'neque',30),(31,'aperiam',31),(32,'cumque',32),(33,'dolor',33),(34,'harum',34),(35,'dolores',35),(36,'nesciunt',36),(37,'non',37),(38,'porro',38),(39,'delectus',39),(40,'voluptates',40),(41,'accusamus',41),(42,'corporis',42),(43,'rem',43),(44,'dignissimos',44),(45,'minus',45),(46,'et',46),(47,'quis',47),(48,'et',48),(49,'inventore',49),(50,'inventore',50),(51,'porro',51),(52,'neque',52),(53,'quam',53),(54,'a',54),(55,'qui',55),(56,'error',56),(57,'voluptatem',57),(58,'inventore',58),(59,'deleniti',59),(60,'qui',60),(61,'fuga',61),(62,'quia',62),(63,'voluptatem',63),(64,'non',64),(65,'officia',65),(66,'ut',66),(67,'sit',67),(68,'unde',68),(69,'vel',69),(70,'quia',70),(71,'voluptatem',71),(72,'consectetur',72),(73,'laudantium',73),(74,'eos',74),(75,'eius',75),(76,'esse',76),(77,'esse',77),(78,'aspernatur',78),(79,'quasi',79),(80,'officiis',80),(81,'quia',81),(82,'soluta',82),(83,'tempore',83),(84,'et',84),(85,'deleniti',85),(86,'repellendus',86),(87,'est',87),(88,'ipsum',88),(89,'consectetur',89),(90,'eos',90),(91,'ut',91),(92,'voluptas',92),(93,'numquam',93),(94,'non',94),(95,'eos',95),(96,'nihil',96),(97,'quis',97),(98,'ab',98),(99,'facere',99),(100,'non',100);
/*!40000 ALTER TABLE `photo_albums` ENABLE KEYS */;
UNLOCK TABLES;

--
-- Table structure for table `photos`
--

DROP TABLE IF EXISTS `photos`;
/*!40101 SET @saved_cs_client     = @@character_set_client */;
/*!40101 SET character_set_client = utf8 */;
CREATE TABLE `photos` (
  `id` bigint(20) unsigned NOT NULL AUTO_INCREMENT,
  `album_id` bigint(20) unsigned DEFAULT NULL,
  `media_id` bigint(20) unsigned NOT NULL,
  UNIQUE KEY `id` (`id`),
  KEY `album_id` (`album_id`),
  KEY `media_id` (`media_id`),
  CONSTRAINT `photos_ibfk_1` FOREIGN KEY (`album_id`) REFERENCES `photo_albums` (`id`),
  CONSTRAINT `photos_ibfk_2` FOREIGN KEY (`media_id`) REFERENCES `media` (`id`)
) ENGINE=InnoDB AUTO_INCREMENT=101 DEFAULT CHARSET=utf8mb4 COLLATE=utf8mb4_unicode_ci;
/*!40101 SET character_set_client = @saved_cs_client */;

--
-- Dumping data for table `photos`
--

LOCK TABLES `photos` WRITE;
/*!40000 ALTER TABLE `photos` DISABLE KEYS */;
INSERT INTO `photos` VALUES (1,1,1),(2,2,2),(3,3,3),(4,4,4),(5,5,5),(6,6,6),(7,7,7),(8,8,8),(9,9,9),(10,10,10),(11,11,11),(12,12,12),(13,13,13),(14,14,14),(15,15,15),(16,16,16),(17,17,17),(18,18,18),(19,19,19),(20,20,20),(21,21,21),(22,22,22),(23,23,23),(24,24,24),(25,25,25),(26,26,26),(27,27,27),(28,28,28),(29,29,29),(30,30,30),(31,31,31),(32,32,32),(33,33,33),(34,34,34),(35,35,35),(36,36,36),(37,37,37),(38,38,38),(39,39,39),(40,40,40),(41,41,41),(42,42,42),(43,43,43),(44,44,44),(45,45,45),(46,46,46),(47,47,47),(48,48,48),(49,49,49),(50,50,50),(51,51,51),(52,52,52),(53,53,53),(54,54,54),(55,55,55),(56,56,56),(57,57,57),(58,58,58),(59,59,59),(60,60,60),(61,61,61),(62,62,62),(63,63,63),(64,64,64),(65,65,65),(66,66,66),(67,67,67),(68,68,68),(69,69,69),(70,70,70),(71,71,71),(72,72,72),(73,73,73),(74,74,74),(75,75,75),(76,76,76),(77,77,77),(78,78,78),(79,79,79),(80,80,80),(81,81,81),(82,82,82),(83,83,83),(84,84,84),(85,85,85),(86,86,86),(87,87,87),(88,88,88),(89,89,89),(90,90,90),(91,91,91),(92,92,92),(93,93,93),(94,94,94),(95,95,95),(96,96,96),(97,97,97),(98,98,98),(99,99,99),(100,100,100);
/*!40000 ALTER TABLE `photos` ENABLE KEYS */;
UNLOCK TABLES;

--
-- Table structure for table `profiles`
--

DROP TABLE IF EXISTS `profiles`;
/*!40101 SET @saved_cs_client     = @@character_set_client */;
/*!40101 SET character_set_client = utf8 */;
CREATE TABLE `profiles` (
  `user_id` bigint(20) unsigned NOT NULL,
  `gender` char(1) COLLATE utf8mb4_unicode_ci DEFAULT NULL,
  `birthday` date DEFAULT NULL,
  `photo_id` bigint(20) unsigned DEFAULT NULL,
  `created_at` datetime DEFAULT current_timestamp(),
  `hometown` varchar(100) COLLATE utf8mb4_unicode_ci DEFAULT NULL,
  UNIQUE KEY `user_id` (`user_id`),
  CONSTRAINT `fk_user_id` FOREIGN KEY (`user_id`) REFERENCES `users` (`id`) ON DELETE NO ACTION ON UPDATE CASCADE
) ENGINE=InnoDB DEFAULT CHARSET=utf8mb4 COLLATE=utf8mb4_unicode_ci;
/*!40101 SET character_set_client = @saved_cs_client */;

--
-- Dumping data for table `profiles`
--

LOCK TABLES `profiles` WRITE;
/*!40000 ALTER TABLE `profiles` DISABLE KEYS */;
INSERT INTO `profiles` VALUES (1,NULL,'1994-04-23',1,'2008-02-27 06:17:09',NULL),(2,NULL,'1999-04-04',2,'1982-11-24 03:31:14',NULL),(3,NULL,'1990-10-26',3,'1970-04-21 00:24:39',NULL),(4,NULL,'2006-04-16',4,'1987-02-03 02:33:16',NULL),(5,NULL,'1973-03-07',5,'1994-05-01 20:16:36',NULL),(6,NULL,'1977-04-25',6,'1978-05-06 16:00:09',NULL),(7,NULL,'2006-11-10',7,'2003-12-24 16:03:30',NULL),(8,NULL,'2001-07-07',8,'1980-04-18 04:40:58',NULL),(9,NULL,'1995-07-14',9,'2001-04-07 02:25:09',NULL),(10,NULL,'2019-09-22',10,'1985-11-28 18:54:45',NULL),(11,NULL,'2008-12-23',11,'2019-07-17 17:02:56',NULL),(12,NULL,'2012-10-17',12,'2011-12-30 23:51:57',NULL),(13,NULL,'1999-06-29',13,'1972-06-10 03:02:11',NULL),(14,NULL,'1980-05-24',14,'2003-11-29 00:06:32',NULL),(15,NULL,'1985-07-21',15,'1970-04-23 05:43:56',NULL),(16,NULL,'2016-10-27',16,'2007-12-18 20:35:51',NULL),(17,NULL,'1984-07-11',17,'1970-07-02 15:07:16',NULL),(18,NULL,'1986-05-18',18,'1972-05-13 18:26:18',NULL),(19,NULL,'1970-10-15',19,'2014-08-05 20:15:01',NULL),(20,NULL,'2002-02-15',20,'1998-05-15 02:08:02',NULL),(21,NULL,'1989-06-30',21,'1992-10-12 22:55:09',NULL),(22,NULL,'2000-05-31',22,'1985-06-26 08:18:20',NULL),(23,NULL,'1983-10-21',23,'1982-01-14 07:25:39',NULL),(24,NULL,'1997-10-23',24,'1998-02-11 17:30:44',NULL),(25,NULL,'2008-01-12',25,'1989-10-21 04:47:06',NULL),(26,NULL,'1995-08-14',26,'1978-03-24 09:41:42',NULL),(27,NULL,'2001-05-13',27,'1996-07-17 14:26:02',NULL),(28,NULL,'1993-05-04',28,'2009-05-27 10:50:02',NULL),(29,NULL,'1997-12-18',29,'2021-02-27 08:05:45',NULL),(30,NULL,'2011-06-22',30,'2016-11-29 09:12:34',NULL),(31,NULL,'2015-03-07',31,'1974-10-17 09:35:07',NULL),(32,NULL,'2009-07-15',32,'1982-09-14 09:16:18',NULL),(33,NULL,'2020-06-24',33,'2019-03-24 08:01:59',NULL),(34,NULL,'2001-07-23',34,'2016-11-08 04:12:59',NULL),(35,NULL,'1999-02-21',35,'2016-09-10 15:11:12',NULL),(36,NULL,'1971-04-20',36,'1979-06-03 04:31:35',NULL),(37,NULL,'1988-02-03',37,'2000-06-04 20:28:08',NULL),(38,NULL,'1973-08-25',38,'2016-06-04 18:50:29',NULL),(39,NULL,'1995-08-13',39,'2018-10-08 21:10:38',NULL),(40,NULL,'1996-05-23',40,'2007-01-01 02:59:39',NULL),(41,NULL,'2002-12-19',41,'2012-04-25 23:41:42',NULL),(42,NULL,'1970-11-06',42,'2014-03-01 08:10:45',NULL),(43,NULL,'2012-11-01',43,'2008-01-06 13:03:42',NULL),(44,NULL,'1993-10-30',44,'2015-04-17 08:58:06',NULL),(45,NULL,'2017-10-26',45,'2017-11-11 16:11:09',NULL),(46,NULL,'1972-09-19',46,'2009-02-08 14:19:23',NULL),(47,NULL,'1973-09-13',47,'1977-02-05 06:30:29',NULL),(48,NULL,'1990-03-28',48,'2003-02-10 17:11:57',NULL),(49,NULL,'1994-09-24',49,'2020-04-18 09:08:24',NULL),(50,NULL,'1972-02-07',50,'1986-09-19 18:59:29',NULL),(51,NULL,'2009-12-09',51,'2001-07-05 18:46:44',NULL),(52,NULL,'2019-01-11',52,'2008-10-06 18:25:42',NULL),(53,NULL,'1998-08-30',53,'2002-08-30 22:54:06',NULL),(54,NULL,'1998-06-21',54,'1975-07-01 16:13:02',NULL),(55,NULL,'1985-02-21',55,'1973-09-27 08:33:41',NULL),(56,NULL,'2012-11-07',56,'2000-12-24 08:52:44',NULL),(57,NULL,'1981-08-28',57,'2015-05-22 19:03:04',NULL),(58,NULL,'2010-11-06',58,'1993-07-06 22:54:19',NULL),(59,NULL,'2013-03-28',59,'2010-08-22 14:40:39',NULL),(60,NULL,'2003-09-29',60,'1999-11-13 18:31:42',NULL),(61,NULL,'1995-06-25',61,'1970-07-08 06:52:59',NULL),(62,NULL,'1975-02-23',62,'2000-11-07 07:54:53',NULL),(63,NULL,'1997-05-19',63,'2020-02-06 17:08:54',NULL),(64,NULL,'2012-02-08',64,'1996-10-18 07:10:27',NULL),(65,NULL,'1980-12-01',65,'2016-01-24 17:54:14',NULL),(66,NULL,'1987-01-21',66,'1986-05-08 20:34:33',NULL),(67,NULL,'2008-09-03',67,'2016-01-05 06:40:40',NULL),(68,NULL,'1986-02-22',68,'1986-05-28 09:13:20',NULL),(69,NULL,'1996-11-22',69,'2016-07-03 17:14:01',NULL),(70,NULL,'2011-05-02',70,'1995-10-22 09:12:43',NULL),(71,NULL,'1976-06-28',71,'2019-03-25 08:07:49',NULL),(72,NULL,'1987-04-16',72,'2008-11-19 06:51:42',NULL),(73,NULL,'1981-04-29',73,'2013-12-25 08:43:03',NULL),(74,NULL,'2009-06-25',74,'1996-02-25 22:58:17',NULL),(75,NULL,'1970-12-08',75,'1990-05-06 19:24:29',NULL),(76,NULL,'2010-06-05',76,'2001-01-01 18:57:52',NULL),(77,NULL,'2004-11-04',77,'2009-05-29 09:49:57',NULL),(78,NULL,'2012-10-20',78,'1994-07-05 02:52:37',NULL),(79,NULL,'2014-07-12',79,'2004-02-22 07:30:25',NULL),(80,NULL,'2011-11-16',80,'2011-05-27 02:28:11',NULL),(81,NULL,'2013-06-10',81,'1992-03-07 17:14:27',NULL),(82,NULL,'2001-04-09',82,'1977-12-02 05:07:42',NULL),(83,NULL,'1971-01-23',83,'1978-01-01 03:28:43',NULL),(84,NULL,'2018-03-06',84,'2018-11-24 12:01:12',NULL),(85,NULL,'2004-09-09',85,'2020-02-13 16:27:12',NULL),(86,NULL,'2001-12-02',86,'2000-09-19 19:57:18',NULL),(87,NULL,'1971-01-03',87,'1989-11-19 09:58:54',NULL),(88,NULL,'2021-03-18',88,'1993-04-03 07:40:10',NULL),(89,NULL,'2003-05-11',89,'1974-12-16 04:14:40',NULL),(90,NULL,'2007-03-06',90,'2003-10-24 11:58:29',NULL),(91,NULL,'2001-04-21',91,'1981-05-13 12:26:31',NULL),(92,NULL,'1986-01-17',92,'2003-11-07 16:33:58',NULL),(93,NULL,'2002-12-31',93,'2015-11-05 08:02:14',NULL),(94,NULL,'1997-07-18',94,'1987-03-21 13:00:44',NULL),(95,NULL,'1991-10-04',95,'1989-01-22 04:33:09',NULL),(96,NULL,'2007-11-24',96,'1990-10-24 18:13:37',NULL),(97,NULL,'1988-09-23',97,'2000-10-17 11:52:45',NULL),(98,NULL,'2003-08-01',98,'1976-10-04 07:39:30',NULL),(99,NULL,'2017-11-04',99,'1971-08-10 01:05:21',NULL),(100,NULL,'2011-06-09',100,'1987-08-30 23:37:39',NULL);
/*!40000 ALTER TABLE `profiles` ENABLE KEYS */;
UNLOCK TABLES;

--
-- Table structure for table `users`
--

DROP TABLE IF EXISTS `users`;
/*!40101 SET @saved_cs_client     = @@character_set_client */;
/*!40101 SET character_set_client = utf8 */;
CREATE TABLE `users` (
  `id` bigint(20) unsigned NOT NULL AUTO_INCREMENT,
  `firstname` varchar(50) COLLATE utf8mb4_unicode_ci DEFAULT NULL,
  `lastname` varchar(50) COLLATE utf8mb4_unicode_ci DEFAULT NULL,
  `email` varchar(120) COLLATE utf8mb4_unicode_ci DEFAULT NULL,
  `password_hash` varchar(100) COLLATE utf8mb4_unicode_ci DEFAULT NULL,
  `phone` bigint(20) unsigned DEFAULT NULL,
  PRIMARY KEY (`id`),
  UNIQUE KEY `email` (`email`),
  UNIQUE KEY `phone` (`phone`),
  KEY `users_firstname_lastname_idx` (`firstname`,`lastname`)
) ENGINE=InnoDB AUTO_INCREMENT=101 DEFAULT CHARSET=utf8mb4 COLLATE=utf8mb4_unicode_ci;
/*!40101 SET character_set_client = @saved_cs_client */;

--
-- Dumping data for table `users`
--

LOCK TABLES `users` WRITE;
/*!40000 ALTER TABLE `users` DISABLE KEYS */;
INSERT INTO `users` VALUES (1,'April','Keeling','hillary12@example.org','2f040a121828640dcf0601dd0a63546d9bb426a5',85754187637),(2,'Lionel','Cruickshank','austyn07@example.org','1647ea0b64f717e72924b4490be6f29eb129cbb9',81658901846),(3,'Dallas','Connelly','xbrakus@example.net','af2562dba03fd98f4db9008c4b97c35a13adabeb',84259137585),(4,'Jaime','Kuhic','jbernhard@example.com','822b82cdc406ffa70a4bda3e98608c97f613a674',89823035276),(5,'Maryam','Sipes','harmon.hoeger@example.org','88852e6ade3716ec6e0c5216b8c21849b4635e4b',84317456465),(6,'Ron','Marvin','egleason@example.org','9bef4d0c94cbf3683e966734735af903875abf8d',89721725615),(7,'Jettie','Jacobi','tate.bednar@example.org','3fbab475248e3f43f4bb287e85f74be76205989d',81582905910),(8,'Jazmin','Yundt','evan38@example.net','2cf035ed30c9e0ba7889c62395dbb6014b5fb3f1',86357564046),(9,'Charlene','Sawayn','ahomenick@example.org','644ba3d8425548eda41981101599c9084f772922',80898717297),(10,'Queen','Johnston','mona.klein@example.net','5c532015fb651890a49eb06352b02e53aa54f43b',82911850796),(11,'Winifred','Breitenberg','marquardt.jayden@example.net','ae2db07d409c18756a81f12d392c192f35e4ce2e',80702757565),(12,'Pete','Schuster','reagan45@example.com','71790cdb5e0b495dec4ea66ed596e02f26fb2f35',88610409828),(13,'Evelyn','Prosacco','zelda89@example.com','b334c955e979f5b7dd5a3233348c4c7d5673c7a8',86428544893),(14,'Mekhi','Casper','blick.jadon@example.org','c3251116c55e2d74c2a547490d1041ef710f5263',80740472460),(15,'Alba','Littel','bobbie.stokes@example.org','91d1e8f3724c80298dba0dad846226b33dd1cab7',88038504589),(16,'Lorena','Sanford','emelia.lind@example.org','063ddaf09357eb7694a23044235da73a9b5aa348',83076421162),(17,'Piper','Hoeger','donnelly.alanis@example.net','074e8fef2bbc44bd68fb2e413cde2cda142d6b4e',86483937813),(18,'Cristobal','Tremblay','goodwin.sonny@example.net','0ccc71e70e0562f27cc82401c89a4888a93d7c3e',80821745479),(19,'Geovanni','Frami','sanford.tressa@example.org','35ad6a1588544400a7cd725366ba2ab34240635e',85443777511),(20,'Yvette','Crona','marcelle61@example.org','9e276aaea07ba2572cd057ef42760787f8efea11',80607803063),(21,'Keira','Rice','amelie23@example.net','268ad3cbd4855e7166f353874dc9f096cc2f5efa',89786126716),(22,'Avis','McDermott','collin.romaguera@example.net','4d5c08d04935c918b07e272ccbd08b477fddbe3b',89421161292),(23,'Lauren','Klocko','ecollier@example.org','a014084c71b65ead936c497cb936ce8037fcd1b1',80655269441),(24,'Everett','Effertz','roscoe26@example.org','b73f4bd0bed310d0fbb7fb116f03f78b2e377c03',85487609133),(25,'Retta','Mertz','garret.franecki@example.org','8fd83daa488bd7875bf5169c563f5fdb639de95c',85848594671),(26,'Neil','Deckow','freida66@example.com','de87035e8bf032eb430a498f799e4f05c9358316',83844108018),(27,'Dagmar','Ortiz','qreilly@example.org','3305c8da884c997582ab8868ba64b2ac943efead',84456184427),(28,'Rahsaan','Koepp','roslyn.moore@example.com','123393043e0674e5da39004dba855989f99b5600',85947991218),(29,'Maye','Dickinson','elinor.jerde@example.org','75910785ec93c48bc7c78596a9142ff9fdd0e241',80470638908),(30,'Jasmin','Lueilwitz','lorenzo00@example.com','6b43a7290a5b94e7f174371595545e420db524dc',81757182236),(31,'Annetta','Hahn','waelchi.winfield@example.com','e761e0abaae878c848ed3354c2bf4a9d834cf022',86781796314),(32,'Rylee','Gorczany','brenda11@example.com','815fe3ecf846e58118321fd7be0a3d08f1f1aea3',87344791311),(33,'Ludwig','Upton','fahey.elfrieda@example.net','7fd278233094eaf65722a07cc1031d09ec568704',85156863252),(34,'Brooklyn','Walsh','rebekah.johnson@example.net','08908337b3f9c95d18f0bef4cc4bdc744a40f35c',89451546818),(35,'Ophelia','Kassulke','iborer@example.org','44171279fff4551197c4d70a05ba446b30cd6927',86996747064),(36,'Alexander','Keeling','moshe.batz@example.net','75a5968ec884ecb009ab707dfb0dca56eb4c2782',83256936166),(37,'Dayne','Altenwerth','burley.leannon@example.net','eaf1b00fa3d4efcc9a76a71a22c0ba164cb87e87',82349600647),(38,'Maggie','Simonis','fgibson@example.net','a8e0c1334e02b4aeab04a5a845c665741d72794a',88718370422),(39,'Lukas','Gerlach','kohler.zackary@example.com','56efddf3d543f9b7f89508994bfe2cc2071494a3',80352832758),(40,'Eriberto','Konopelski','jaden36@example.com','f3d01fd19cf4ebce8c9c5c9377c51d8299445c8c',86838968731),(41,'Coleman','Frami','kavon22@example.org','0c3c06e5e64c4caa2acc98f53fcd43ee1732244c',87421478745),(42,'Cydney','Schuster','eleonore91@example.com','fe1c9eee12cfd6dfe202db56a110a8736384bc93',83566671200),(43,'Tyshawn','Ullrich','ahilpert@example.com','a4aa121d709384f0996439486676b90f981afaf1',89023010833),(44,'Alisha','Howe','ofunk@example.org','1f9351066ca393217f8bda259b21b2d7eb4561da',85763695421),(45,'Janae','Crist','keon.lesch@example.net','282c197fa3e850b2b3adab6752c0a242903bbe8a',81051479047),(46,'Bennie','Lubowitz','rosina49@example.com','fd5cdafccc33cfe218499079d5463b13860d83d5',83957111206),(47,'Oceane','Hessel','mitchell.klein@example.com','2e082039a48e5ec09b41c3362d214a666ebc96cc',85342532261),(48,'Jalyn','Gibson','reinger.myrtle@example.com','e6a518a047a08418b867958d70aef442578403b5',80275029516),(49,'Cleveland','Rodriguez','pwyman@example.org','0bed9ca3e91e653a34353098e16fbd67187ff0e4',83259801855),(50,'Dudley','Nitzsche','fhomenick@example.com','73b1352408d0e5bdee4b4114803c73e81ab4f40e',82170562860),(51,'Carley','Nitzsche','frances02@example.org','5a2a1255380287681ed0e54ad7106621d4cda307',86017444985),(52,'Stone','Mills','wmitchell@example.net','6902049e96b185b29d67fbc0203aef5a268ad699',86514731398),(53,'Benny','Windler','gus.donnelly@example.org','c0350489e7a7640e0a00f51ba2b67f862468b48b',87283100550),(54,'Brenden','O\'Hara','eduardo.hermiston@example.net','b47b547b9a670b0a36a5865e53a9a1a10c19c3bf',89319087103),(55,'Juliet','Bradtke','paula09@example.net','f7ff4d9b4b4fd47696565dee2bd7ecdb5f097578',81023346288),(56,'Celia','Bins','psauer@example.org','25d80842f6ddfc0da1aab6442e03b46d99ff7459',88322412222),(57,'Kristopher','Macejkovic','wgreen@example.net','a3898b89e6fc8524fbdbb08ef3a3c935722e8eb3',80884053516),(58,'Terence','Steuber','kelsi44@example.net','4475e77373ff602676e089902dc1e8f82bd1f2f5',84238652661),(59,'Yvonne','Hammes','evans.morissette@example.org','531a6e1f709d0bb3f081c3e01682a3afda4e490f',85865795281),(60,'Retha','Schneider','mike55@example.org','a248e9f856d783393795b82e0d5da4ead123af00',80745192808),(61,'Buck','Goldner','ashlynn94@example.com','d702990a9667db0ce17e3992c7bc60cfc57e060b',82372575625),(62,'Laura','Durgan','ktreutel@example.org','a37004879a6741507f592474f2aaa1f8bde75b3b',87992033557),(63,'Kaya','Medhurst','carolyne03@example.org','e0ffe81c59fa2df695397ee4e00a33d59b37e8a5',80331266159),(64,'Eugene','Krajcik','ybarton@example.org','b431c6231d04a25161a984f8071cf3621ba6e9f6',88748713475),(65,'Edwardo','Braun','ywalsh@example.org','7b1f02e411e43762c1f398a6fe9c516d884525e6',89407655345),(66,'Mikayla','Farrell','gudrun32@example.org','20de25638cd70ce509d328398a9e4814c5a50934',81015513525),(67,'Keara','Conn','eino11@example.net','be526b0eee8de51fa114c27e58153bcefa6ad719',83648198177),(68,'Deven','McGlynn','jrutherford@example.org','f01ea9130c5eefd4935521535158c360338aef9c',85765427965),(69,'Nils','Graham','mann.michelle@example.com','3f9e8a30f11d570f6326c2a78bfd8ecbed3515b4',84656847664),(70,'Casimir','Waters','emmett14@example.com','ccafcda1e789c1360dca4799105c12e79c4c867e',80687626176),(71,'Pasquale','Veum','bradtke.melvina@example.net','6c01d056d770a3d5bdd8c68941a68cb6b48092ba',89224593834),(72,'Myrna','Deckow','crawford59@example.net','1b0cd959c9548696f2a047392bc7faa4846f2f47',84903412237),(73,'Mathew','Smith','vida35@example.net','823d3dbe15fa2d7d5097a68aa281c1d8e9c22466',81824591089),(74,'Katrina','Altenwerth','vweber@example.org','72be40c82ee7dbf0ec6e2fcf202e70a33491dd72',87893941025),(75,'Shany','Maggio','stephon.bins@example.net','6ba08c594b23badd500eb04462e2fdbf52ad64e4',82774967695),(76,'Cory','O\'Connell','krajcik.elroy@example.com','d9b770f3a8ebcffb1694bbc5904040ace43c9fd5',88667683713),(77,'Hildegard','Grant','dylan62@example.net','318433f680a48f89c9dbbb0c95a03aca9de777b6',80546651766),(78,'Jacky','Dicki','cordell.hills@example.net','1f969128c3ddabf64ca773f4351e55cd1cbe6fe3',81450160937),(79,'Eryn','Powlowski','trisha68@example.net','8385c62f901988f1bf5e807406f75fc17dddf8e9',82510962975),(80,'Frieda','Nienow','tfranecki@example.com','9c734b457a7b0363d24d663724488db52e3a547c',82880798839),(81,'Gavin','Kihn','burley.schroeder@example.org','24c43784c0986fedc06a867c693d2a6d384e75ae',82331926268),(82,'Dena','Quitzon','june.mitchell@example.org','e369959b1b4a5e26afdf3b5b5cf7876a61e34093',83483572653),(83,'Unique','Walker','helen30@example.com','f46c10fc9cb8c5ca9c3f2181cb8fe3aa9b204b6d',88612603722),(84,'Ivah','Maggio','polly31@example.net','2de88542fb90e0af4222b3bc73a87bd4f6d053e9',86442730561),(85,'William','Schneider','nwolff@example.net','40b3c951246c5e0e678e17f019c35c25a71d7ff2',82376324352),(86,'Caterina','Beahan','rowe.cameron@example.net','43359e7be231b5b076cdb0f504be08cc0cab4b8b',86246806886),(87,'Amir','Brakus','pmertz@example.net','82cb41aaead695e1d869820aec4537a3ddbc4110',84109180257),(88,'Marcella','Von','pwisozk@example.org','21702d6e339564b9c222582b390071cccda87f3d',86534550292),(89,'Alverta','Bartoletti','zora44@example.com','875322d9009478b49f4adbdf2f8279496e66136b',82622194876),(90,'Salvatore','Emmerich','percy.kulas@example.org','e90c90eb47628edaeab07c61ea8017924941efbb',87194499061),(91,'Abdul','Legros','kshlerin.herminio@example.net','fdc130166fe2f7fe834039ab5022ed76aaca0519',82302405755),(92,'Desmond','Mann','jfahey@example.org','908fc36e4d8dcb7fae6c3cc95edce8e5ecf43fe6',83684852607),(93,'Daphnee','Altenwerth','herman.dora@example.net','a91bfd521cbd6c3bc3f20380edff158d311a358f',81848343187),(94,'Mekhi','Will','carole.stracke@example.org','07b20bb8e8aab4e854aca9f3f34897dded1ce0ba',81158823682),(95,'Kristin','Farrell','pcronin@example.net','abb4b5ae19db6034c170a7d264f161657d2af4a6',86926008239),(96,'Ali','Feeney','zakary.ratke@example.com','ada6de916aa692e36662e561bef5d8f276271360',81372450711),(97,'Enrico','Kilback','lindgren.cassandra@example.net','09c771dcb0a6d52904f69308a2a7ac7387043287',84573093205),(98,'Emmett','Batz','gerald.kuhlman@example.com','8232c2e0f485711aa6776e32a7d335eee8364366',86771896616),(99,'Paige','Adams','leora80@example.org','f584cdc3011a8368d016e15b209f6e6ca5a1686e',83472188091),(100,'Austin','Daugherty','derrick37@example.com','44b4b7ad6c229c5d6c4a102eb383993c2ef0c3d4',82287968434);
/*!40000 ALTER TABLE `users` ENABLE KEYS */;
UNLOCK TABLES;

--
-- Table structure for table `users_communities`
--

DROP TABLE IF EXISTS `users_communities`;
/*!40101 SET @saved_cs_client     = @@character_set_client */;
/*!40101 SET character_set_client = utf8 */;
CREATE TABLE `users_communities` (
  `user_id` bigint(20) unsigned NOT NULL,
  `community_id` bigint(20) unsigned NOT NULL,
  PRIMARY KEY (`user_id`,`community_id`),
  KEY `community_id` (`community_id`),
  CONSTRAINT `users_communities_ibfk_1` FOREIGN KEY (`user_id`) REFERENCES `users` (`id`),
  CONSTRAINT `users_communities_ibfk_2` FOREIGN KEY (`community_id`) REFERENCES `communities` (`id`)
) ENGINE=InnoDB DEFAULT CHARSET=utf8mb4 COLLATE=utf8mb4_unicode_ci;
/*!40101 SET character_set_client = @saved_cs_client */;

--
-- Dumping data for table `users_communities`
--

LOCK TABLES `users_communities` WRITE;
/*!40000 ALTER TABLE `users_communities` DISABLE KEYS */;
INSERT INTO `users_communities` VALUES (1,1),(2,2),(3,3),(4,4),(5,5),(6,6),(7,7),(8,8),(9,9),(10,10),(11,11),(12,12),(13,13),(14,14),(15,15),(16,16),(17,17),(18,18),(19,19),(20,20),(21,21),(22,22),(23,23),(24,24),(25,25),(26,26),(27,27),(28,28),(29,29),(30,30),(31,31),(32,32),(33,33),(34,34),(35,35),(36,36),(37,37),(38,38),(39,39),(40,40),(41,41),(42,42),(43,43),(44,44),(45,45),(46,46),(47,47),(48,48),(49,49),(50,50),(51,51),(52,52),(53,53),(54,54),(55,55),(56,56),(57,57),(58,58),(59,59),(60,60),(61,61),(62,62),(63,63),(64,64),(65,65),(66,66),(67,67),(68,68),(69,69),(70,70),(71,71),(72,72),(73,73),(74,74),(75,75),(76,76),(77,77),(78,78),(79,79),(80,80),(81,81),(82,82),(83,83),(84,84),(85,85),(86,86),(87,87),(88,88),(89,89),(90,90),(91,91),(92,92),(93,93),(94,94),(95,95),(96,96),(97,97),(98,98),(99,99),(100,100);
/*!40000 ALTER TABLE `users_communities` ENABLE KEYS */;
UNLOCK TABLES;
/*!40103 SET TIME_ZONE=@OLD_TIME_ZONE */;

/*!40101 SET SQL_MODE=@OLD_SQL_MODE */;
/*!40014 SET FOREIGN_KEY_CHECKS=@OLD_FOREIGN_KEY_CHECKS */;
/*!40014 SET UNIQUE_CHECKS=@OLD_UNIQUE_CHECKS */;
/*!40101 SET CHARACTER_SET_CLIENT=@OLD_CHARACTER_SET_CLIENT */;
/*!40101 SET CHARACTER_SET_RESULTS=@OLD_CHARACTER_SET_RESULTS */;
/*!40101 SET COLLATION_CONNECTION=@OLD_COLLATION_CONNECTION */;
/*!40111 SET SQL_NOTES=@OLD_SQL_NOTES */;

-- Dump completed on 2021-03-21 15:00:17
